#
# There is insufficient memory for the Java Runtime Environment to continue.
# Native memory allocation (mmap) failed to map 483393536 bytes for G1 virtual space
# Possible reasons:
#   The system is out of physical RAM or swap space
#   The process is running with CompressedOops enabled, and the Java Heap may be blocking the growth of the native heap
# Possible solutions:
#   Reduce memory load on the system
#   Increase physical memory or swap space
#   Check if swap backing store is full
#   Decrease Java heap size (-Xmx/-Xms)
#   Decrease number of Java threads
#   Decrease Java thread stack sizes (-Xss)
#   Set larger code cache with -XX:ReservedCodeCacheSize=
#   JVM is running with Unscaled Compressed Oops mode in which the Java heap is
#     placed in the first 4GB address space. The Java Heap base address is the
#     maximum limit for the native heap growth. Please use -XX:HeapBaseMinAddress
#     to set the Java Heap base and to place the Java Heap above 4GB virtual address.
# This output file may be truncated or incomplete.
#
#  Out of Memory Error (os_windows.cpp:3548), pid=30332, tid=3068
#
# JRE version: Java(TM) SE Runtime Environment (17.0.12+8) (build 17.0.12+8-LTS-286)
# Java VM: Java HotSpot(TM) 64-Bit Server VM (17.0.12+8-LTS-286, mixed mode, sharing, tiered, compressed oops, compressed class ptrs, g1 gc, windows-amd64)
# No core dump will be written. Minidumps are not enabled by default on client versions of Windows
#

---------------  S U M M A R Y ------------

Command Line: --add-opens=java.base/java.lang=ALL-UNNAMED --add-opens=java.base/java.lang.invoke=ALL-UNNAMED --add-opens=java.base/java.util=ALL-UNNAMED --add-opens=java.prefs/java.util.prefs=ALL-UNNAMED --add-exports=jdk.compiler/com.sun.tools.javac.api=ALL-UNNAMED --add-exports=jdk.compiler/com.sun.tools.javac.util=ALL-UNNAMED --add-opens=java.base/java.util=ALL-UNNAMED --add-opens=java.prefs/java.util.prefs=ALL-UNNAMED --add-opens=java.base/java.nio.charset=ALL-UNNAMED --add-opens=java.base/java.net=ALL-UNNAMED --add-opens=java.base/java.util.concurrent.atomic=ALL-UNNAMED --add-opens=java.xml/javax.xml.namespace=ALL-UNNAMED -XX:MaxMetaspaceSize=512m -Xmx2048m -Dfile.encoding=windows-1252 -Duser.country=US -Duser.language=en -Duser.variant -javaagent:C:\Users\020000160\.gradle\wrapper\dists\gradle-8.14.1-bin\baw1sv0jfoi8rxs14qo3h49cs\gradle-8.14.1\lib\agents\gradle-instrumentation-agent-8.14.1.jar org.gradle.launcher.daemon.bootstrap.GradleDaemon 8.14.1

Host: Intel(R) Core(TM) Ultra 7 155U, 14 cores, 31G,  Windows 11 , 64 bit Build 26100 (10.0.26100.4484)
Time: Thu Jul 17 10:41:11 2025 SE Asia Standard Time elapsed time: 5569.202580 seconds (0d 1h 32m 49s)

---------------  T H R E A D  ---------------

Current thread (0x000001b4b84682e0):  VMThread "VM Thread" [stack: 0x0000002f8de00000,0x0000002f8df00000] [id=3068]

Stack: [0x0000002f8de00000,0x0000002f8df00000]
Native frames: (J=compiled Java code, j=interpreted, Vv=VM code, C=native code)
V  [jvm.dll+0x67a04a]
V  [jvm.dll+0x7da4ed]
V  [jvm.dll+0x7dbe33]
V  [jvm.dll+0x7dc4a3]
V  [jvm.dll+0x24508f]
V  [jvm.dll+0x677089]
V  [jvm.dll+0x66bd32]
V  [jvm.dll+0x301fa6]
V  [jvm.dll+0x309546]
V  [jvm.dll+0x359d2e]
V  [jvm.dll+0x359f5f]
V  [jvm.dll+0x2d9078]
V  [jvm.dll+0x2d74ad]
V  [jvm.dll+0x2d6afc]
V  [jvm.dll+0x31a65b]
V  [jvm.dll+0x7e0d9b]
V  [jvm.dll+0x7e1ad4]
V  [jvm.dll+0x7e1fed]
V  [jvm.dll+0x7e23c4]
V  [jvm.dll+0x7e2490]
V  [jvm.dll+0x78abea]
V  [jvm.dll+0x678f35]
C  [ucrtbase.dll+0x37b0]
C  [KERNEL32.DLL+0x2e8d7]
C  [ntdll.dll+0x3c34c]

VM_Operation (0x0000002f941fc210): G1CollectForAllocation, mode: safepoint, requested by thread 0x000001b4e75527d0


---------------  P R O C E S S  ---------------

Threads class SMR info:
_java_thread_list=0x000001b4dc6fff00, length=223, elements={
0x000001b4992e6390, 0x000001b4b846b0d0, 0x000001b4b846c1b0, 0x000001b4b8488360,
0x000001b4b8488c30, 0x000001b4b8489ca0, 0x000001b4b848e210, 0x000001b4b8491e10,
0x000001b4b8493730, 0x000001b4b85c4f00, 0x000001b4b8680ad0, 0x000001b4b8734500,
0x000001b4d943f370, 0x000001b4d9d6fb10, 0x000001b4d863c630, 0x000001b4d8b06b50,
0x000001b4d8b07f90, 0x000001b4d9e852d0, 0x000001b4d9e85cf0, 0x000001b4d9e82540,
0x000001b4d9e82a50, 0x000001b4d9e83470, 0x000001b4dbec10c0, 0x000001b4da99bbf0,
0x000001b4da99fdc0, 0x000001b4d947d9a0, 0x000001b4d947e3c0, 0x000001b4d947bb40,
0x000001b4d9482080, 0x000001b4d9481b70, 0x000001b4d9480730, 0x000001b4d94843f0,
0x000001b4d9480c40, 0x000001b4d9485320, 0x000001b4d9484900, 0x000001b4d9487690,
0x000001b4e7549500, 0x000001b4e754a940, 0x000001b4e7549f20, 0x000001b4e754ae50,
0x000001b4e754b360, 0x000001b4e75480c0, 0x000001b4e754b870, 0x000001b4e754bd80,
0x000001b4e7549a10, 0x000001b4e754a430, 0x000001b4e75485d0, 0x000001b4e754c290,
0x000001b4e7548ae0, 0x000001b4e59d94f0, 0x000001b4e59d6760, 0x000001b4e59da420,
0x000001b4e59d6c70, 0x000001b4d9fff070, 0x000001b4e59db860, 0x000001b4e59db350,
0x000001b4e59dc280, 0x000001b4e59dd6c0, 0x000001b4e59dbd70, 0x000001b4e59dc790,
0x000001b4e59dae40, 0x000001b4e59df010, 0x000001b4e59df520, 0x000001b4e59ddbd0,
0x000001b4e59e0450, 0x000001b4e59dcca0, 0x000001b4e59e0960, 0x000001b4e59deb00,
0x000001b4e59dfa30, 0x000001b4e59dff40, 0x000001b4e59dd1b0, 0x000001b4e59e0e70,
0x000001b4e59de5f0, 0x000001b4e59e1380, 0x000001b4e59e1890, 0x000001b4e59de0e0,
0x000001b4e59e1da0, 0x000001b4e59e5550, 0x000001b4e59e22b0, 0x000001b4e59e27c0,
0x000001b4e3f29a30, 0x000001b4e59e5a60, 0x000001b4e59e5040, 0x000001b4e59e36f0,
0x000001b4e59e31e0, 0x000001b4e59e4b30, 0x000001b4e59e4110, 0x000001b4e59e2cd0,
0x000001b4e59e3c00, 0x000001b4e59e4620, 0x000001b4e754e600, 0x000001b4e754f530,
0x000001b4e754d1c0, 0x000001b4e754dbe0, 0x000001b4e754eb10, 0x000001b4e754e0f0,
0x000001b4e754f020, 0x000001b4e754ff50, 0x000001b4e754ccb0, 0x000001b4e7550970,
0x000001b4e75522c0, 0x000001b4e7551db0, 0x000001b4e75527d0, 0x000001b4e75518a0,
0x000001b4e7553700, 0x000001b4e7553c10, 0x000001b4e7554630, 0x000001b4e7552ce0,
0x000001b4e75531f0, 0x000001b4e7550e80, 0x000001b4e75578d0, 0x000001b4e7555560,
0x000001b4e7556490, 0x000001b4e75569a0, 0x000001b4e7556eb0, 0x000001b4e75573c0,
0x000001b4e7554b40, 0x000001b4e7555a70, 0x000001b4e7555050, 0x000001b4e7555f80,
0x000001b4da813410, 0x000001b4da814850, 0x000001b4da811fd0, 0x000001b4da815c90,
0x000001b4da814d60, 0x000001b4da815270, 0x000001b4da8124e0, 0x000001b4da813920,
0x000001b4da8129f0, 0x000001b4da813e30, 0x000001b4da814340, 0x000001b4da815780,
0x000001b4da812f00, 0x000001b4da8170d0, 0x000001b4da816bc0, 0x000001b4da8175e0,
0x000001b4da818000, 0x000001b4da817af0, 0x000001b4da818510, 0x000001b4da818a20,
0x000001b4da818f30, 0x000001b4da819440, 0x000001b4da819950, 0x000001b4dbebe840,
0x000001b4dbebd400, 0x000001b4dbebed50, 0x000001b4dbec06a0, 0x000001b4dbebfc80,
0x000001b4dbec0190, 0x000001b4dbebde20, 0x000001b4dbebe330, 0x000001b4dbebf260,
0x000001b4dbebcef0, 0x000001b4dbec0bb0, 0x000001b4dbec2a10, 0x000001b4dbec3430,
0x000001b4dbec1ff0, 0x000001b4dbec3940, 0x000001b4dbebf770, 0x000001b4dbec4360,
0x000001b4dbec3e50, 0x000001b4dbec4870, 0x000001b4da99c610, 0x000001b4da99d540,
0x000001b4da99c100, 0x000001b4da99d030, 0x000001b4da99df60, 0x000001b4da99e980,
0x000001b4da99e470, 0x000001b4da99b6e0, 0x000001b4da99f3a0, 0x000001b4da99cb20,
0x000001b4da9a2130, 0x000001b4da9a2640, 0x000001b4da9a1710, 0x000001b4da9a07e0,
0x000001b4da9a2b50, 0x000001b4da9a3060, 0x000001b4da9a0cf0, 0x000001b4da9a1200,
0x000001b4d947ca70, 0x000001b4d947d490, 0x000001b4d9479ce0, 0x000001b4d947a1f0,
0x000001b4d947a700, 0x000001b4d9482590, 0x000001b4d947f800, 0x000001b4d9482aa0,
0x000001b4d94834c0, 0x000001b4d947fd10, 0x000001b4d9485830, 0x000001b4d9485d40,
0x000001b4d9488ad0, 0x000001b4d9486250, 0x000001b4d9486760, 0x000001b4d9486c70,
0x000001b4d9e843a0, 0x000001b4d9e82f60, 0x000001b4d9e86710, 0x000001b4d9e83e90,
0x000001b4d9e86c20, 0x000001b4d9e87b50, 0x000001b4d9e88060, 0x000001b4d9e894a0,
0x000001b4d9e88a80, 0x000001b4d9e899b0, 0x000001b4d9e89ec0, 0x000001b4d9e87640,
0x000001b4d8b07a80, 0x000001b4d8b05c20, 0x000001b4d8b06130, 0x000001b4d8b084a0,
0x000001b4d8b06640, 0x000001b4d8b07060, 0x000001b4d8b07570, 0x000001b4d8b089b0,
0x000001b4d8b08ec0, 0x000001b4de8474e0, 0x000001b4de849340, 0x000001b4de849d60,
0x000001b4de847f00, 0x000001b4de84a270, 0x000001b4de84ac90
}

Java Threads: ( => current thread )
  0x000001b4992e6390 JavaThread "main" [_thread_blocked, id=14044, stack(0x0000002f8d800000,0x0000002f8d900000)]
  0x000001b4b846b0d0 JavaThread "Reference Handler" daemon [_thread_blocked, id=6728, stack(0x0000002f8df00000,0x0000002f8e000000)]
  0x000001b4b846c1b0 JavaThread "Finalizer" daemon [_thread_blocked, id=6020, stack(0x0000002f8e000000,0x0000002f8e100000)]
  0x000001b4b8488360 JavaThread "Signal Dispatcher" daemon [_thread_blocked, id=20020, stack(0x0000002f8e100000,0x0000002f8e200000)]
  0x000001b4b8488c30 JavaThread "Attach Listener" daemon [_thread_blocked, id=26344, stack(0x0000002f8e200000,0x0000002f8e300000)]
  0x000001b4b8489ca0 JavaThread "Service Thread" daemon [_thread_blocked, id=31696, stack(0x0000002f8e300000,0x0000002f8e400000)]
  0x000001b4b848e210 JavaThread "Monitor Deflation Thread" daemon [_thread_blocked, id=17344, stack(0x0000002f8e400000,0x0000002f8e500000)]
  0x000001b4b8491e10 JavaThread "C2 CompilerThread0" daemon [_thread_blocked, id=17888, stack(0x0000002f8e500000,0x0000002f8e600000)]
  0x000001b4b8493730 JavaThread "C1 CompilerThread0" daemon [_thread_blocked, id=25620, stack(0x0000002f8e600000,0x0000002f8e700000)]
  0x000001b4b85c4f00 JavaThread "Sweeper thread" daemon [_thread_blocked, id=31604, stack(0x0000002f8e700000,0x0000002f8e800000)]
  0x000001b4b8680ad0 JavaThread "Common-Cleaner" daemon [_thread_blocked, id=28144, stack(0x0000002f8e800000,0x0000002f8e900000)]
  0x000001b4b8734500 JavaThread "Notification Thread" daemon [_thread_blocked, id=22108, stack(0x0000002f8e900000,0x0000002f8ea00000)]
  0x000001b4d943f370 JavaThread "Daemon health stats" [_thread_blocked, id=30272, stack(0x0000002f8ec00000,0x0000002f8ed00000)]
  0x000001b4d9d6fb10 JavaThread "Incoming local TCP Connector on port 51070" [_thread_in_native, id=2876, stack(0x0000002f8f700000,0x0000002f8f800000)]
  0x000001b4d863c630 JavaThread "Daemon periodic checks" [_thread_blocked, id=22796, stack(0x0000002f8f800000,0x0000002f8f900000)]
  0x000001b4d8b06b50 JavaThread "Cache worker for journal cache (C:\Users\020000160\.gradle\caches\journal-1)" [_thread_blocked, id=31168, stack(0x0000002f8eb00000,0x0000002f8ec00000)]
  0x000001b4d8b07f90 JavaThread "File lock request listener" [_thread_in_native, id=24368, stack(0x0000002f90000000,0x0000002f90100000)]
  0x000001b4d9e852d0 JavaThread "Cache worker for file hash cache (C:\Users\020000160\.gradle\caches\8.14.1\fileHashes)" [_thread_blocked, id=26640, stack(0x0000002f90100000,0x0000002f90200000)]
  0x000001b4d9e85cf0 JavaThread "File watcher server" daemon [_thread_blocked, id=31556, stack(0x0000002f90800000,0x0000002f90900000)]
  0x000001b4d9e82540 JavaThread "File watcher consumer" daemon [_thread_blocked, id=23168, stack(0x0000002f90900000,0x0000002f90a00000)]
  0x000001b4d9e82a50 JavaThread "jar transforms" [_thread_blocked, id=4976, stack(0x0000002f90a00000,0x0000002f90b00000)]
  0x000001b4d9e83470 JavaThread "Cache worker for file content cache (C:\Users\020000160\.gradle\caches\8.14.1\fileContent)" [_thread_blocked, id=5052, stack(0x0000002f90c00000,0x0000002f90d00000)]
  0x000001b4dbec10c0 JavaThread "Memory manager" [_thread_blocked, id=28228, stack(0x0000002f93d00000,0x0000002f93e00000)]
  0x000001b4da99bbf0 JavaThread "jar transforms Thread 2" [_thread_blocked, id=31596, stack(0x0000002f9a900000,0x0000002f9aa00000)]
  0x000001b4da99fdc0 JavaThread "jar transforms Thread 3" [_thread_blocked, id=29812, stack(0x0000002f9aa00000,0x0000002f9ab00000)]
  0x000001b4d947d9a0 JavaThread "jar transforms Thread 4" [_thread_blocked, id=9228, stack(0x0000002f9bd00000,0x0000002f9be00000)]
  0x000001b4d947e3c0 JavaThread "jar transforms Thread 5" [_thread_blocked, id=7140, stack(0x0000002f95b00000,0x0000002f95c00000)]
  0x000001b4d947bb40 JavaThread "jar transforms Thread 6" [_thread_blocked, id=23264, stack(0x0000002f9be00000,0x0000002f9bf00000)]
  0x000001b4d9482080 JavaThread "jar transforms Thread 7" [_thread_blocked, id=26312, stack(0x0000002f9c200000,0x0000002f9c300000)]
  0x000001b4d9481b70 JavaThread "jar transforms Thread 8" [_thread_blocked, id=30496, stack(0x0000002f9c300000,0x0000002f9c400000)]
  0x000001b4d9480730 JavaThread "jar transforms Thread 9" [_thread_blocked, id=17676, stack(0x0000002f9c500000,0x0000002f9c600000)]
  0x000001b4d94843f0 JavaThread "jar transforms Thread 10" [_thread_blocked, id=28364, stack(0x0000002f9c600000,0x0000002f9c700000)]
  0x000001b4d9480c40 JavaThread "jar transforms Thread 11" [_thread_blocked, id=30524, stack(0x0000002f9c700000,0x0000002f9c800000)]
  0x000001b4d9485320 JavaThread "jar transforms Thread 12" [_thread_blocked, id=12508, stack(0x0000002f9c800000,0x0000002f9c900000)]
  0x000001b4d9484900 JavaThread "jar transforms Thread 13" [_thread_blocked, id=13004, stack(0x0000002f9c900000,0x0000002f9ca00000)]
  0x000001b4d9487690 JavaThread "jar transforms Thread 14" [_thread_blocked, id=29768, stack(0x0000002f9ca00000,0x0000002f9cb00000)]
  0x000001b4e7549500 JavaThread "Daemon Thread 3" [_thread_blocked, id=29660, stack(0x0000002f8d500000,0x0000002f8d600000)]
  0x000001b4e754a940 JavaThread "Handler for socket connection from /127.0.0.1:51070 to /127.0.0.1:53396" [_thread_in_native, id=24544, stack(0x0000002f8d600000,0x0000002f8d700000)]
  0x000001b4e7549f20 JavaThread "Cancel handler" [_thread_blocked, id=7684, stack(0x0000002f8d700000,0x0000002f8d800000)]
  0x000001b4e754ae50 JavaThread "Daemon worker Thread 3" [_thread_blocked, id=23484, stack(0x0000002f8f900000,0x0000002f8fa00000)]
  0x000001b4e754b360 JavaThread "Asynchronous log dispatcher for DefaultDaemonConnection: socket connection from /127.0.0.1:51070 to /127.0.0.1:53396" [_thread_blocked, id=19276, stack(0x0000002f8fa00000,0x0000002f8fb00000)]
  0x000001b4e75480c0 JavaThread "Stdin handler" [_thread_blocked, id=19756, stack(0x0000002f8fb00000,0x0000002f8fc00000)]
  0x000001b4e754b870 JavaThread "Daemon client event forwarder" [_thread_blocked, id=15588, stack(0x0000002f8fc00000,0x0000002f8fd00000)]
  0x000001b4e754bd80 JavaThread "Cache worker for file hash cache (D:\Work\Mobile\android-wms-native\android\.gradle\8.14.1\fileHashes)" [_thread_blocked, id=25728, stack(0x0000002f8fd00000,0x0000002f8fe00000)]
  0x000001b4e7549a10 JavaThread "Cache worker for Build Output Cleanup Cache (D:\Work\Mobile\android-wms-native\android\.gradle\buildOutputCleanup)" [_thread_blocked, id=26724, stack(0x0000002f8fe00000,0x0000002f8ff00000)]
  0x000001b4e754a430 JavaThread "Cache worker for checksums cache (D:\Work\Mobile\android-wms-native\android\.gradle\8.14.1\checksums)" [_thread_blocked, id=30048, stack(0x0000002f8ff00000,0x0000002f90000000)]
  0x000001b4e75485d0 JavaThread "Cache worker for cache directory md-supplier (C:\Users\020000160\.gradle\caches\8.14.1\md-supplier)" [_thread_blocked, id=18132, stack(0x0000002f90200000,0x0000002f90300000)]
  0x000001b4e754c290 JavaThread "Cache worker for cache directory md-rule (C:\Users\020000160\.gradle\caches\8.14.1\md-rule)" [_thread_blocked, id=12496, stack(0x0000002f90300000,0x0000002f90400000)]
  0x000001b4e7548ae0 JavaThread "Cache worker for Build Output Cleanup Cache (D:\Work\Mobile\android-wms-native\node_modules\@react-native\gradle-plugin\.gradle\buildOutputCleanup)" [_thread_blocked, id=25692, stack(0x0000002f90400000,0x0000002f90500000)]
  0x000001b4e59d94f0 JavaThread "Unconstrained build operations" [_thread_blocked, id=1752, stack(0x0000002f90500000,0x0000002f90600000)]
  0x000001b4e59d6760 JavaThread "Unconstrained build operations Thread 2" [_thread_blocked, id=8304, stack(0x0000002f90b00000,0x0000002f90c00000)]
  0x000001b4e59da420 JavaThread "Unconstrained build operations Thread 3" [_thread_blocked, id=28392, stack(0x0000002f90d00000,0x0000002f90e00000)]
  0x000001b4e59d6c70 JavaThread "Unconstrained build operations Thread 4" [_thread_blocked, id=17860, stack(0x0000002f90e00000,0x0000002f90f00000)]
  0x000001b4d9fff070 JavaThread "C2 CompilerThread1" daemon [_thread_blocked, id=17832, stack(0x0000002f90f00000,0x0000002f91000000)]
  0x000001b4e59db860 JavaThread "Unconstrained build operations Thread 5" [_thread_blocked, id=22512, stack(0x0000002f91000000,0x0000002f91100000)]
  0x000001b4e59db350 JavaThread "Unconstrained build operations Thread 6" [_thread_blocked, id=6592, stack(0x0000002f91100000,0x0000002f91200000)]
  0x000001b4e59dc280 JavaThread "Unconstrained build operations Thread 7" [_thread_blocked, id=27204, stack(0x0000002f91200000,0x0000002f91300000)]
  0x000001b4e59dd6c0 JavaThread "Unconstrained build operations Thread 8" [_thread_blocked, id=17292, stack(0x0000002f91300000,0x0000002f91400000)]
  0x000001b4e59dbd70 JavaThread "Unconstrained build operations Thread 9" [_thread_blocked, id=30432, stack(0x0000002f91400000,0x0000002f91500000)]
  0x000001b4e59dc790 JavaThread "Unconstrained build operations Thread 10" [_thread_blocked, id=26004, stack(0x0000002f91500000,0x0000002f91600000)]
  0x000001b4e59dae40 JavaThread "Unconstrained build operations Thread 11" [_thread_blocked, id=13804, stack(0x0000002f91600000,0x0000002f91700000)]
  0x000001b4e59df010 JavaThread "Unconstrained build operations Thread 12" [_thread_blocked, id=30440, stack(0x0000002f91700000,0x0000002f91800000)]
  0x000001b4e59df520 JavaThread "Unconstrained build operations Thread 13" [_thread_blocked, id=28932, stack(0x0000002f91800000,0x0000002f91900000)]
  0x000001b4e59ddbd0 JavaThread "Unconstrained build operations Thread 14" [_thread_blocked, id=13320, stack(0x0000002f91900000,0x0000002f91a00000)]
  0x000001b4e59e0450 JavaThread "Unconstrained build operations Thread 15" [_thread_blocked, id=10852, stack(0x0000002f91a00000,0x0000002f91b00000)]
  0x000001b4e59dcca0 JavaThread "Unconstrained build operations Thread 16" [_thread_blocked, id=30668, stack(0x0000002f91b00000,0x0000002f91c00000)]
  0x000001b4e59e0960 JavaThread "Unconstrained build operations Thread 17" [_thread_blocked, id=3544, stack(0x0000002f91c00000,0x0000002f91d00000)]
  0x000001b4e59deb00 JavaThread "Unconstrained build operations Thread 18" [_thread_blocked, id=19436, stack(0x0000002f91d00000,0x0000002f91e00000)]
  0x000001b4e59dfa30 JavaThread "Unconstrained build operations Thread 19" [_thread_blocked, id=10736, stack(0x0000002f91e00000,0x0000002f91f00000)]
  0x000001b4e59dff40 JavaThread "Unconstrained build operations Thread 20" [_thread_blocked, id=2228, stack(0x0000002f91f00000,0x0000002f92000000)]
  0x000001b4e59dd1b0 JavaThread "Unconstrained build operations Thread 21" [_thread_blocked, id=18808, stack(0x0000002f92000000,0x0000002f92100000)]
  0x000001b4e59e0e70 JavaThread "Unconstrained build operations Thread 22" [_thread_blocked, id=28828, stack(0x0000002f92100000,0x0000002f92200000)]
  0x000001b4e59de5f0 JavaThread "Unconstrained build operations Thread 23" [_thread_blocked, id=6056, stack(0x0000002f92200000,0x0000002f92300000)]
  0x000001b4e59e1380 JavaThread "Unconstrained build operations Thread 24" [_thread_blocked, id=12428, stack(0x0000002f92300000,0x0000002f92400000)]
  0x000001b4e59e1890 JavaThread "Unconstrained build operations Thread 25" [_thread_blocked, id=29776, stack(0x0000002f92400000,0x0000002f92500000)]
  0x000001b4e59de0e0 JavaThread "Unconstrained build operations Thread 26" [_thread_blocked, id=8152, stack(0x0000002f92500000,0x0000002f92600000)]
  0x000001b4e59e1da0 JavaThread "Unconstrained build operations Thread 27" [_thread_blocked, id=13800, stack(0x0000002f92600000,0x0000002f92700000)]
  0x000001b4e59e5550 JavaThread "Unconstrained build operations Thread 28" [_thread_blocked, id=27164, stack(0x0000002f92700000,0x0000002f92800000)]
  0x000001b4e59e22b0 JavaThread "Unconstrained build operations Thread 29" [_thread_blocked, id=12664, stack(0x0000002f92800000,0x0000002f92900000)]
  0x000001b4e59e27c0 JavaThread "Unconstrained build operations Thread 30" [_thread_blocked, id=31400, stack(0x0000002f92900000,0x0000002f92a00000)]
  0x000001b4e3f29a30 JavaThread "C2 CompilerThread2" daemon [_thread_blocked, id=3052, stack(0x0000002f92a00000,0x0000002f92b00000)]
  0x000001b4e59e5a60 JavaThread "build event listener" [_thread_blocked, id=25672, stack(0x0000002f92b00000,0x0000002f92c00000)]
  0x000001b4e59e5040 JavaThread "ForkJoinPool.commonPool-worker-23" daemon [_thread_blocked, id=15504, stack(0x0000002f92c00000,0x0000002f92d00000)]
  0x000001b4e59e36f0 JavaThread "ForkJoinPool.commonPool-worker-24" daemon [_thread_blocked, id=30992, stack(0x0000002f92d00000,0x0000002f92e00000)]
  0x000001b4e59e31e0 JavaThread "ForkJoinPool.commonPool-worker-25" daemon [_thread_blocked, id=23904, stack(0x0000002f92e00000,0x0000002f92f00000)]
  0x000001b4e59e4b30 JavaThread "ForkJoinPool.commonPool-worker-26" daemon [_thread_blocked, id=27372, stack(0x0000002f92f00000,0x0000002f93000000)]
  0x000001b4e59e4110 JavaThread "ForkJoinPool.commonPool-worker-28" daemon [_thread_blocked, id=23844, stack(0x0000002f93000000,0x0000002f93100000)]
  0x000001b4e59e2cd0 JavaThread "ForkJoinPool.commonPool-worker-29" daemon [_thread_blocked, id=27532, stack(0x0000002f93100000,0x0000002f93200000)]
  0x000001b4e59e3c00 JavaThread "ForkJoinPool.commonPool-worker-27" daemon [_thread_blocked, id=3420, stack(0x0000002f93200000,0x0000002f93300000)]
  0x000001b4e59e4620 JavaThread "ForkJoinPool.commonPool-worker-30" daemon [_thread_blocked, id=24600, stack(0x0000002f93300000,0x0000002f93400000)]
  0x000001b4e754e600 JavaThread "included builds" [_thread_blocked, id=6804, stack(0x0000002f93400000,0x0000002f93500000)]
  0x000001b4e754f530 JavaThread "Execution worker" [_thread_blocked, id=29180, stack(0x0000002f93500000,0x0000002f93600000)]
  0x000001b4e754d1c0 JavaThread "Execution worker Thread 2" [_thread_blocked, id=11628, stack(0x0000002f93600000,0x0000002f93700000)]
  0x000001b4e754dbe0 JavaThread "Execution worker Thread 3" [_thread_blocked, id=29720, stack(0x0000002f93700000,0x0000002f93800000)]
  0x000001b4e754eb10 JavaThread "Execution worker Thread 4" [_thread_blocked, id=16952, stack(0x0000002f93800000,0x0000002f93900000)]
  0x000001b4e754e0f0 JavaThread "Execution worker Thread 5" [_thread_blocked, id=25492, stack(0x0000002f93900000,0x0000002f93a00000)]
  0x000001b4e754f020 JavaThread "Execution worker Thread 6" [_thread_blocked, id=12420, stack(0x0000002f93a00000,0x0000002f93b00000)]
  0x000001b4e754ff50 JavaThread "Cache worker for execution history cache (D:\Work\Mobile\android-wms-native\node_modules\@react-native\gradle-plugin\.gradle\8.14.1\executionHistory)" [_thread_blocked, id=13764, stack(0x0000002f93b00000,0x0000002f93c00000)]
  0x000001b4e754ccb0 JavaThread "Execution worker Thread 7" [_thread_blocked, id=18520, stack(0x0000002f93c00000,0x0000002f93d00000)]
  0x000001b4e7550970 JavaThread "Execution worker Thread 8" [_thread_blocked, id=13276, stack(0x0000002f93e00000,0x0000002f93f00000)]
  0x000001b4e75522c0 JavaThread "Execution worker Thread 9" [_thread_blocked, id=25616, stack(0x0000002f93f00000,0x0000002f94000000)]
  0x000001b4e7551db0 JavaThread "Execution worker Thread 10" [_thread_blocked, id=16292, stack(0x0000002f94000000,0x0000002f94100000)]
  0x000001b4e75527d0 JavaThread "Execution worker Thread 11" [_thread_blocked, id=19936, stack(0x0000002f94100000,0x0000002f94200000)]
  0x000001b4e75518a0 JavaThread "Execution worker Thread 12" [_thread_blocked, id=23912, stack(0x0000002f94200000,0x0000002f94300000)]
  0x000001b4e7553700 JavaThread "Execution worker Thread 13" [_thread_blocked, id=3372, stack(0x0000002f94300000,0x0000002f94400000)]
  0x000001b4e7553c10 JavaThread "Unconstrained build operations Thread 31" [_thread_blocked, id=22668, stack(0x0000002f94400000,0x0000002f94500000)]
  0x000001b4e7554630 JavaThread "Unconstrained build operations Thread 32" [_thread_blocked, id=23928, stack(0x0000002f94500000,0x0000002f94600000)]
  0x000001b4e7552ce0 JavaThread "Unconstrained build operations Thread 33" [_thread_blocked, id=8148, stack(0x0000002f94600000,0x0000002f94700000)]
  0x000001b4e75531f0 JavaThread "Unconstrained build operations Thread 34" [_thread_blocked, id=30696, stack(0x0000002f94700000,0x0000002f94800000)]
  0x000001b4e7550e80 JavaThread "Unconstrained build operations Thread 35" [_thread_blocked, id=27980, stack(0x0000002f94800000,0x0000002f94900000)]
  0x000001b4e75578d0 JavaThread "Unconstrained build operations Thread 36" [_thread_blocked, id=18332, stack(0x0000002f94900000,0x0000002f94a00000)]
  0x000001b4e7555560 JavaThread "Unconstrained build operations Thread 37" [_thread_blocked, id=1424, stack(0x0000002f94a00000,0x0000002f94b00000)]
  0x000001b4e7556490 JavaThread "Unconstrained build operations Thread 38" [_thread_blocked, id=26396, stack(0x0000002f94b00000,0x0000002f94c00000)]
  0x000001b4e75569a0 JavaThread "Unconstrained build operations Thread 39" [_thread_blocked, id=30768, stack(0x0000002f94c00000,0x0000002f94d00000)]
  0x000001b4e7556eb0 JavaThread "Unconstrained build operations Thread 40" [_thread_blocked, id=4260, stack(0x0000002f94d00000,0x0000002f94e00000)]
  0x000001b4e75573c0 JavaThread "Unconstrained build operations Thread 41" [_thread_blocked, id=25228, stack(0x0000002f94e00000,0x0000002f94f00000)]
  0x000001b4e7554b40 JavaThread "Unconstrained build operations Thread 42" [_thread_blocked, id=16244, stack(0x0000002f94f00000,0x0000002f95000000)]
  0x000001b4e7555a70 JavaThread "Unconstrained build operations Thread 43" [_thread_blocked, id=28692, stack(0x0000002f95000000,0x0000002f95100000)]
  0x000001b4e7555050 JavaThread "Unconstrained build operations Thread 44" [_thread_blocked, id=26916, stack(0x0000002f95100000,0x0000002f95200000)]
  0x000001b4e7555f80 JavaThread "Unconstrained build operations Thread 45" [_thread_blocked, id=30860, stack(0x0000002f95200000,0x0000002f95300000)]
  0x000001b4da813410 JavaThread "Unconstrained build operations Thread 46" [_thread_blocked, id=2088, stack(0x0000002f95300000,0x0000002f95400000)]
  0x000001b4da814850 JavaThread "Unconstrained build operations Thread 47" [_thread_blocked, id=22832, stack(0x0000002f95400000,0x0000002f95500000)]
  0x000001b4da811fd0 JavaThread "Unconstrained build operations Thread 48" [_thread_blocked, id=10816, stack(0x0000002f95500000,0x0000002f95600000)]
  0x000001b4da815c90 JavaThread "Unconstrained build operations Thread 49" [_thread_blocked, id=25088, stack(0x0000002f95600000,0x0000002f95700000)]
  0x000001b4da814d60 JavaThread "Unconstrained build operations Thread 50" [_thread_blocked, id=30688, stack(0x0000002f95700000,0x0000002f95800000)]
  0x000001b4da815270 JavaThread "Unconstrained build operations Thread 51" [_thread_blocked, id=14856, stack(0x0000002f95800000,0x0000002f95900000)]
  0x000001b4da8124e0 JavaThread "Unconstrained build operations Thread 52" [_thread_blocked, id=6544, stack(0x0000002f95900000,0x0000002f95a00000)]
  0x000001b4da813920 JavaThread "Unconstrained build operations Thread 53" [_thread_blocked, id=29316, stack(0x0000002f95a00000,0x0000002f95b00000)]
  0x000001b4da8129f0 JavaThread "Unconstrained build operations Thread 54" [_thread_blocked, id=30924, stack(0x0000002f95c00000,0x0000002f95d00000)]
  0x000001b4da813e30 JavaThread "Unconstrained build operations Thread 55" [_thread_blocked, id=21716, stack(0x0000002f95d00000,0x0000002f95e00000)]
  0x000001b4da814340 JavaThread "Unconstrained build operations Thread 56" [_thread_blocked, id=10172, stack(0x0000002f95e00000,0x0000002f95f00000)]
  0x000001b4da815780 JavaThread "Unconstrained build operations Thread 57" [_thread_blocked, id=29000, stack(0x0000002f95f00000,0x0000002f96000000)]
  0x000001b4da812f00 JavaThread "Unconstrained build operations Thread 58" [_thread_blocked, id=1880, stack(0x0000002f96000000,0x0000002f96100000)]
  0x000001b4da8170d0 JavaThread "Unconstrained build operations Thread 59" [_thread_blocked, id=20024, stack(0x0000002f96100000,0x0000002f96200000)]
  0x000001b4da816bc0 JavaThread "Unconstrained build operations Thread 60" [_thread_blocked, id=29780, stack(0x0000002f96200000,0x0000002f96300000)]
  0x000001b4da8175e0 JavaThread "Unconstrained build operations Thread 61" [_thread_blocked, id=19788, stack(0x0000002f96300000,0x0000002f96400000)]
  0x000001b4da818000 JavaThread "Unconstrained build operations Thread 62" [_thread_blocked, id=9432, stack(0x0000002f96400000,0x0000002f96500000)]
  0x000001b4da817af0 JavaThread "Unconstrained build operations Thread 63" [_thread_blocked, id=29500, stack(0x0000002f96500000,0x0000002f96600000)]
  0x000001b4da818510 JavaThread "Unconstrained build operations Thread 64" [_thread_blocked, id=24140, stack(0x0000002f96600000,0x0000002f96700000)]
  0x000001b4da818a20 JavaThread "Unconstrained build operations Thread 65" [_thread_blocked, id=25252, stack(0x0000002f96700000,0x0000002f96800000)]
  0x000001b4da818f30 JavaThread "Unconstrained build operations Thread 66" [_thread_blocked, id=28320, stack(0x0000002f96800000,0x0000002f96900000)]
  0x000001b4da819440 JavaThread "Unconstrained build operations Thread 67" [_thread_blocked, id=24204, stack(0x0000002f96900000,0x0000002f96a00000)]
  0x000001b4da819950 JavaThread "Unconstrained build operations Thread 68" [_thread_blocked, id=28604, stack(0x0000002f96a00000,0x0000002f96b00000)]
  0x000001b4dbebe840 JavaThread "Unconstrained build operations Thread 69" [_thread_blocked, id=3328, stack(0x0000002f96b00000,0x0000002f96c00000)]
  0x000001b4dbebd400 JavaThread "Unconstrained build operations Thread 70" [_thread_blocked, id=24692, stack(0x0000002f96c00000,0x0000002f96d00000)]
  0x000001b4dbebed50 JavaThread "Unconstrained build operations Thread 71" [_thread_blocked, id=6376, stack(0x0000002f96d00000,0x0000002f96e00000)]
  0x000001b4dbec06a0 JavaThread "Unconstrained build operations Thread 72" [_thread_blocked, id=28760, stack(0x0000002f96e00000,0x0000002f96f00000)]
  0x000001b4dbebfc80 JavaThread "Unconstrained build operations Thread 73" [_thread_blocked, id=2816, stack(0x0000002f96f00000,0x0000002f97000000)]
  0x000001b4dbec0190 JavaThread "Unconstrained build operations Thread 74" [_thread_blocked, id=8612, stack(0x0000002f97000000,0x0000002f97100000)]
  0x000001b4dbebde20 JavaThread "Unconstrained build operations Thread 75" [_thread_blocked, id=26580, stack(0x0000002f97100000,0x0000002f97200000)]
  0x000001b4dbebe330 JavaThread "Unconstrained build operations Thread 76" [_thread_blocked, id=30360, stack(0x0000002f97200000,0x0000002f97300000)]
  0x000001b4dbebf260 JavaThread "Unconstrained build operations Thread 77" [_thread_blocked, id=25488, stack(0x0000002f97300000,0x0000002f97400000)]
  0x000001b4dbebcef0 JavaThread "Unconstrained build operations Thread 78" [_thread_blocked, id=27596, stack(0x0000002f97400000,0x0000002f97500000)]
  0x000001b4dbec0bb0 JavaThread "Unconstrained build operations Thread 79" [_thread_blocked, id=4336, stack(0x0000002f97500000,0x0000002f97600000)]
  0x000001b4dbec2a10 JavaThread "Unconstrained build operations Thread 80" [_thread_blocked, id=7388, stack(0x0000002f97600000,0x0000002f97700000)]
  0x000001b4dbec3430 JavaThread "Unconstrained build operations Thread 81" [_thread_blocked, id=28472, stack(0x0000002f97700000,0x0000002f97800000)]
  0x000001b4dbec1ff0 JavaThread "Unconstrained build operations Thread 82" [_thread_blocked, id=16780, stack(0x0000002f97800000,0x0000002f97900000)]
  0x000001b4dbec3940 JavaThread "Unconstrained build operations Thread 83" [_thread_blocked, id=26056, stack(0x0000002f97900000,0x0000002f97a00000)]
  0x000001b4dbebf770 JavaThread "Unconstrained build operations Thread 84" [_thread_blocked, id=5664, stack(0x0000002f97a00000,0x0000002f97b00000)]
  0x000001b4dbec4360 JavaThread "Unconstrained build operations Thread 85" [_thread_blocked, id=13184, stack(0x0000002f97b00000,0x0000002f97c00000)]
  0x000001b4dbec3e50 JavaThread "Unconstrained build operations Thread 86" [_thread_blocked, id=28164, stack(0x0000002f97c00000,0x0000002f97d00000)]
  0x000001b4dbec4870 JavaThread "Unconstrained build operations Thread 87" [_thread_blocked, id=12680, stack(0x0000002f97d00000,0x0000002f97e00000)]
  0x000001b4da99c610 JavaThread "Unconstrained build operations Thread 88" [_thread_blocked, id=29952, stack(0x0000002f97e00000,0x0000002f97f00000)]
  0x000001b4da99d540 JavaThread "Unconstrained build operations Thread 89" [_thread_blocked, id=16256, stack(0x0000002f97f00000,0x0000002f98000000)]
  0x000001b4da99c100 JavaThread "Unconstrained build operations Thread 90" [_thread_blocked, id=31352, stack(0x0000002f98000000,0x0000002f98100000)]
  0x000001b4da99d030 JavaThread "Unconstrained build operations Thread 91" [_thread_blocked, id=18156, stack(0x0000002f98100000,0x0000002f98200000)]
  0x000001b4da99df60 JavaThread "Unconstrained build operations Thread 92" [_thread_blocked, id=15584, stack(0x0000002f98200000,0x0000002f98300000)]
  0x000001b4da99e980 JavaThread "Unconstrained build operations Thread 93" [_thread_blocked, id=7592, stack(0x0000002f98300000,0x0000002f98400000)]
  0x000001b4da99e470 JavaThread "Unconstrained build operations Thread 94" [_thread_blocked, id=30820, stack(0x0000002f98400000,0x0000002f98500000)]
  0x000001b4da99b6e0 JavaThread "Unconstrained build operations Thread 95" [_thread_blocked, id=16512, stack(0x0000002f98500000,0x0000002f98600000)]
  0x000001b4da99f3a0 JavaThread "Unconstrained build operations Thread 96" [_thread_blocked, id=8168, stack(0x0000002f98600000,0x0000002f98700000)]
  0x000001b4da99cb20 JavaThread "Unconstrained build operations Thread 97" [_thread_blocked, id=28000, stack(0x0000002f98700000,0x0000002f98800000)]
  0x000001b4da9a2130 JavaThread "Unconstrained build operations Thread 98" [_thread_blocked, id=2928, stack(0x0000002f98800000,0x0000002f98900000)]
  0x000001b4da9a2640 JavaThread "Unconstrained build operations Thread 99" [_thread_blocked, id=25752, stack(0x0000002f98900000,0x0000002f98a00000)]
  0x000001b4da9a1710 JavaThread "Unconstrained build operations Thread 100" [_thread_blocked, id=22868, stack(0x0000002f98a00000,0x0000002f98b00000)]
  0x000001b4da9a07e0 JavaThread "Unconstrained build operations Thread 101" [_thread_blocked, id=24344, stack(0x0000002f98b00000,0x0000002f98c00000)]
  0x000001b4da9a2b50 JavaThread "Unconstrained build operations Thread 102" [_thread_blocked, id=27360, stack(0x0000002f98c00000,0x0000002f98d00000)]
  0x000001b4da9a3060 JavaThread "Unconstrained build operations Thread 103" [_thread_blocked, id=27776, stack(0x0000002f98d00000,0x0000002f98e00000)]
  0x000001b4da9a0cf0 JavaThread "Unconstrained build operations Thread 104" [_thread_blocked, id=12456, stack(0x0000002f98e00000,0x0000002f98f00000)]
  0x000001b4da9a1200 JavaThread "Unconstrained build operations Thread 105" [_thread_blocked, id=20572, stack(0x0000002f98f00000,0x0000002f99000000)]
  0x000001b4d947ca70 JavaThread "Unconstrained build operations Thread 106" [_thread_blocked, id=27636, stack(0x0000002f99000000,0x0000002f99100000)]
  0x000001b4d947d490 JavaThread "Unconstrained build operations Thread 107" [_thread_blocked, id=24936, stack(0x0000002f99100000,0x0000002f99200000)]
  0x000001b4d9479ce0 JavaThread "Unconstrained build operations Thread 108" [_thread_blocked, id=27052, stack(0x0000002f99200000,0x0000002f99300000)]
  0x000001b4d947a1f0 JavaThread "Unconstrained build operations Thread 109" [_thread_blocked, id=30604, stack(0x0000002f99300000,0x0000002f99400000)]
  0x000001b4d947a700 JavaThread "build event listener" [_thread_blocked, id=24412, stack(0x0000002f99400000,0x0000002f99500000)]
  0x000001b4d9482590 JavaThread "Problems report writer" [_thread_blocked, id=28368, stack(0x0000002f99500000,0x0000002f99600000)]
  0x000001b4d947f800 JavaThread "Unconstrained build operations Thread 110" [_thread_blocked, id=25244, stack(0x0000002f99600000,0x0000002f99700000)]
  0x000001b4d9482aa0 JavaThread "Unconstrained build operations Thread 111" [_thread_blocked, id=29752, stack(0x0000002f99700000,0x0000002f99800000)]
  0x000001b4d94834c0 JavaThread "Unconstrained build operations Thread 112" [_thread_blocked, id=21604, stack(0x0000002f99800000,0x0000002f99900000)]
  0x000001b4d947fd10 JavaThread "Unconstrained build operations Thread 113" [_thread_blocked, id=4344, stack(0x0000002f99900000,0x0000002f99a00000)]
  0x000001b4d9485830 JavaThread "Unconstrained build operations Thread 114" [_thread_blocked, id=18428, stack(0x0000002f99a00000,0x0000002f99b00000)]
  0x000001b4d9485d40 JavaThread "Unconstrained build operations Thread 115" [_thread_blocked, id=23288, stack(0x0000002f99b00000,0x0000002f99c00000)]
  0x000001b4d9488ad0 JavaThread "Unconstrained build operations Thread 116" [_thread_blocked, id=24768, stack(0x0000002f99c00000,0x0000002f99d00000)]
  0x000001b4d9486250 JavaThread "Unconstrained build operations Thread 117" [_thread_blocked, id=10664, stack(0x0000002f99d00000,0x0000002f99e00000)]
  0x000001b4d9486760 JavaThread "Unconstrained build operations Thread 118" [_thread_blocked, id=25084, stack(0x0000002f99e00000,0x0000002f99f00000)]
  0x000001b4d9486c70 JavaThread "Unconstrained build operations Thread 119" [_thread_blocked, id=4316, stack(0x0000002f99f00000,0x0000002f9a000000)]
  0x000001b4d9e843a0 JavaThread "Unconstrained build operations Thread 120" [_thread_blocked, id=24724, stack(0x0000002f9a000000,0x0000002f9a100000)]
  0x000001b4d9e82f60 JavaThread "Unconstrained build operations Thread 121" [_thread_blocked, id=30512, stack(0x0000002f9a100000,0x0000002f9a200000)]
  0x000001b4d9e86710 JavaThread "Unconstrained build operations Thread 122" [_thread_blocked, id=9896, stack(0x0000002f9a200000,0x0000002f9a300000)]
  0x000001b4d9e83e90 JavaThread "Unconstrained build operations Thread 123" [_thread_blocked, id=9516, stack(0x0000002f9a300000,0x0000002f9a400000)]
  0x000001b4d9e86c20 JavaThread "Unconstrained build operations Thread 124" [_thread_blocked, id=19104, stack(0x0000002f9a400000,0x0000002f9a500000)]
  0x000001b4d9e87b50 JavaThread "Unconstrained build operations Thread 125" [_thread_blocked, id=7448, stack(0x0000002f9a500000,0x0000002f9a600000)]
  0x000001b4d9e88060 JavaThread "Unconstrained build operations Thread 126" [_thread_blocked, id=24608, stack(0x0000002f9a600000,0x0000002f9a700000)]
  0x000001b4d9e894a0 JavaThread "Unconstrained build operations Thread 127" [_thread_blocked, id=29596, stack(0x0000002f9a700000,0x0000002f9a800000)]
  0x000001b4d9e88a80 JavaThread "Unconstrained build operations Thread 128" [_thread_blocked, id=29552, stack(0x0000002f9a800000,0x0000002f9a900000)]
  0x000001b4d9e899b0 JavaThread "Unconstrained build operations Thread 129" [_thread_blocked, id=23776, stack(0x0000002f9ab00000,0x0000002f9ac00000)]
  0x000001b4d9e89ec0 JavaThread "Unconstrained build operations Thread 130" [_thread_blocked, id=31648, stack(0x0000002f9ac00000,0x0000002f9ad00000)]
  0x000001b4d9e87640 JavaThread "Unconstrained build operations Thread 131" [_thread_blocked, id=18848, stack(0x0000002f9ad00000,0x0000002f9ae00000)]
  0x000001b4d8b07a80 JavaThread "Unconstrained build operations Thread 132" [_thread_blocked, id=10688, stack(0x0000002f9ae00000,0x0000002f9af00000)]
  0x000001b4d8b05c20 JavaThread "Unconstrained build operations Thread 133" [_thread_blocked, id=12052, stack(0x0000002f9af00000,0x0000002f9b000000)]
  0x000001b4d8b06130 JavaThread "Unconstrained build operations Thread 134" [_thread_blocked, id=31504, stack(0x0000002f9b000000,0x0000002f9b100000)]
  0x000001b4d8b084a0 JavaThread "Unconstrained build operations Thread 135" [_thread_blocked, id=30216, stack(0x0000002f9b100000,0x0000002f9b200000)]
  0x000001b4d8b06640 JavaThread "Unconstrained build operations Thread 136" [_thread_blocked, id=12780, stack(0x0000002f9b200000,0x0000002f9b300000)]
  0x000001b4d8b07060 JavaThread "Unconstrained build operations Thread 137" [_thread_blocked, id=2332, stack(0x0000002f9b300000,0x0000002f9b400000)]
  0x000001b4d8b07570 JavaThread "Unconstrained build operations Thread 138" [_thread_blocked, id=29604, stack(0x0000002f9b400000,0x0000002f9b500000)]
  0x000001b4d8b089b0 JavaThread "Unconstrained build operations Thread 139" [_thread_blocked, id=22788, stack(0x0000002f9b500000,0x0000002f9b600000)]
  0x000001b4d8b08ec0 JavaThread "Unconstrained build operations Thread 140" [_thread_blocked, id=22968, stack(0x0000002f9b600000,0x0000002f9b700000)]
  0x000001b4de8474e0 JavaThread "Exec process Thread 7" [_thread_blocked, id=11848, stack(0x0000002f9b700000,0x0000002f9b800000)]
  0x000001b4de849340 JavaThread "Exec process Thread 8" [_thread_blocked, id=31628, stack(0x0000002f9b800000,0x0000002f9b900000)]
  0x000001b4de849d60 JavaThread "Exec process Thread 9" [_thread_blocked, id=23676, stack(0x0000002f9b900000,0x0000002f9ba00000)]
  0x000001b4de847f00 JavaThread "ForkJoinPool.commonPool-worker-31" daemon [_thread_blocked, id=21540, stack(0x0000002f9bf00000,0x0000002f9c000000)]
  0x000001b4de84a270 JavaThread "ForkJoinPool.commonPool-worker-32" daemon [_thread_blocked, id=29428, stack(0x0000002f9c000000,0x0000002f9c100000)]
  0x000001b4de84ac90 JavaThread "Cache worker for execution history cache (D:\Work\Mobile\android-wms-native\android\.gradle\8.14.1\executionHistory)" [_thread_blocked, id=26156, stack(0x0000002f9c100000,0x0000002f9c200000)]

Other Threads:
=>0x000001b4b84682e0 VMThread "VM Thread" [stack: 0x0000002f8de00000,0x0000002f8df00000] [id=3068]
  0x000001b4b87349e0 WatcherThread [stack: 0x0000002f8ea00000,0x0000002f8eb00000] [id=19696]
  0x000001b4993453c0 GCTaskThread "GC Thread#0" [stack: 0x0000002f8d900000,0x0000002f8da00000] [id=11456]
  0x000001b4d83ce820 GCTaskThread "GC Thread#1" [stack: 0x0000002f8ed00000,0x0000002f8ee00000] [id=30960]
  0x000001b4d85b0660 GCTaskThread "GC Thread#2" [stack: 0x0000002f8ee00000,0x0000002f8ef00000] [id=2656]
  0x000001b4d85b1160 GCTaskThread "GC Thread#3" [stack: 0x0000002f8ef00000,0x0000002f8f000000] [id=23924]
  0x000001b4d85b0ea0 GCTaskThread "GC Thread#4" [stack: 0x0000002f8f000000,0x0000002f8f100000] [id=31492]
  0x000001b4d85b03a0 GCTaskThread "GC Thread#5" [stack: 0x0000002f8f100000,0x0000002f8f200000] [id=27324]
  0x000001b4d85af8a0 GCTaskThread "GC Thread#6" [stack: 0x0000002f8f200000,0x0000002f8f300000] [id=10356]
  0x000001b4d85b1420 GCTaskThread "GC Thread#7" [stack: 0x0000002f8f300000,0x0000002f8f400000] [id=17308]
  0x000001b4d85afb60 GCTaskThread "GC Thread#8" [stack: 0x0000002f8f400000,0x0000002f8f500000] [id=2144]
  0x000001b4d85afe20 GCTaskThread "GC Thread#9" [stack: 0x0000002f8f500000,0x0000002f8f600000] [id=25980]
  0x000001b4d85b00e0 GCTaskThread "GC Thread#10" [stack: 0x0000002f8f600000,0x0000002f8f700000] [id=30356]
  0x000001b499359310 ConcurrentGCThread "G1 Main Marker" [stack: 0x0000002f8da00000,0x0000002f8db00000] [id=14760]
  0x000001b49935a3d0 ConcurrentGCThread "G1 Conc#0" [stack: 0x0000002f8db00000,0x0000002f8dc00000] [id=26388]
  0x000001b4d8cc29b0 ConcurrentGCThread "G1 Conc#1" [stack: 0x0000002f90600000,0x0000002f90700000] [id=29092]
  0x000001b4d8cc2170 ConcurrentGCThread "G1 Conc#2" [stack: 0x0000002f90700000,0x0000002f90800000] [id=5268]
  0x000001b4993aec50 ConcurrentGCThread "G1 Refine#0" [stack: 0x0000002f8dc00000,0x0000002f8dd00000] [id=19596]
  0x000001b4e398b8c0 ConcurrentGCThread "G1 Refine#1" [stack: 0x0000002f9ba00000,0x0000002f9bb00000] [id=28752]
  0x000001b4de1dd590 ConcurrentGCThread "G1 Refine#2" [stack: 0x0000002f9bb00000,0x0000002f9bc00000] [id=19124]
  0x000001b4e44935c0 ConcurrentGCThread "G1 Refine#3" [stack: 0x0000002f9bc00000,0x0000002f9bd00000] [id=20428]
  0x000001b4e68846e0 ConcurrentGCThread "G1 Refine#4" [stack: 0x0000002f9c400000,0x0000002f9c500000] [id=25768]
  0x000001b4b83f9020 ConcurrentGCThread "G1 Service" [stack: 0x0000002f8dd00000,0x0000002f8de00000] [id=29056]

Threads with active compile tasks:
C2 CompilerThread1  5569229 26370       4       org.gradle.internal.execution.steps.ChoosePipelineStep::execute (71 bytes)
C2 CompilerThread2  5569229 26423       4       org.gradle.api.internal.file.pattern.PatternMatcherFactory::compile (117 bytes)

VM state: at safepoint (normal execution)

VM Mutex/Monitor currently owned by a thread:  ([mutex/lock_event])
[0x000001b4992e2a90] Threads_lock - owner thread: 0x000001b4b84682e0
[0x000001b4992e1140] Heap_lock - owner thread: 0x000001b4e75527d0

Heap address: 0x0000000080000000, size: 2048 MB, Compressed Oops mode: 32-bit

CDS archive(s) mapped at: [0x000001b4b9000000-0x000001b4b9bd0000-0x000001b4b9bd0000), size 12386304, SharedBaseAddress: 0x000001b4b9000000, ArchiveRelocationMode: 1.
Compressed class space mapped at: 0x000001b4ba000000-0x000001b4d4000000, reserved size: 436207616
Narrow klass base: 0x000001b4b9000000, Narrow klass shift: 0, Narrow klass range: 0x100000000

GC Precious Log:
 CPUs: 14 total, 14 available
 Memory: 32233M
 Large Page Support: Disabled
 NUMA Support: Disabled
 Compressed Oops: Enabled (32-bit)
 Heap Region Size: 1M
 Heap Min Capacity: 8M
 Heap Initial Capacity: 504M
 Heap Max Capacity: 2G
 Pre-touch: Disabled
 Parallel Workers: 11
 Concurrent Workers: 3
 Concurrent Refinement Workers: 11
 Periodic GC: Disabled

Heap:
 garbage-first heap   total 698368K, used 299103K [0x0000000080000000, 0x0000000100000000)
  region size 1024K, 4 young (4096K), 4 survivors (4096K)
 Metaspace       used 126870K, committed 129216K, reserved 557056K
  class space    used 17173K, committed 18304K, reserved 425984K

Heap Regions: E=young(eden), S=young(survivor), O=old, HS=humongous(starts), HC=humongous(continues), CS=collection set, F=free, OA=open archive, CA=closed archive, TAMS=top-at-mark-start (previous, next)
|   0|0x0000000080000000, 0x0000000080100000, 0x0000000080100000|100%|HS|  |TAMS 0x0000000080100000, 0x0000000080000000| Complete 
|   1|0x0000000080100000, 0x0000000080200000, 0x0000000080200000|100%|HC|  |TAMS 0x0000000080200000, 0x0000000080100000| Complete 
|   2|0x0000000080200000, 0x0000000080300000, 0x0000000080300000|100%|HC|  |TAMS 0x0000000080300000, 0x0000000080200000| Complete 
|   3|0x0000000080300000, 0x0000000080400000, 0x0000000080400000|100%| O|  |TAMS 0x0000000080400000, 0x0000000080300000| Untracked 
|   4|0x0000000080400000, 0x0000000080500000, 0x0000000080500000|100%| O|  |TAMS 0x0000000080500000, 0x0000000080400000| Untracked 
|   5|0x0000000080500000, 0x0000000080600000, 0x0000000080600000|100%| O|  |TAMS 0x0000000080600000, 0x0000000080500000| Untracked 
|   6|0x0000000080600000, 0x0000000080700000, 0x0000000080700000|100%|HS|  |TAMS 0x0000000080700000, 0x0000000080600000| Complete 
|   7|0x0000000080700000, 0x0000000080800000, 0x0000000080800000|100%| O|  |TAMS 0x0000000080800000, 0x0000000080700000| Untracked 
|   8|0x0000000080800000, 0x0000000080900000, 0x0000000080900000|100%| O|  |TAMS 0x0000000080900000, 0x0000000080800000| Untracked 
|   9|0x0000000080900000, 0x0000000080a00000, 0x0000000080a00000|100%| O|  |TAMS 0x0000000080a00000, 0x0000000080900000| Untracked 
|  10|0x0000000080a00000, 0x0000000080b00000, 0x0000000080b00000|100%| O|  |TAMS 0x0000000080b00000, 0x0000000080a00000| Untracked 
|  11|0x0000000080b00000, 0x0000000080c00000, 0x0000000080c00000|100%| O|  |TAMS 0x0000000080c00000, 0x0000000080b00000| Untracked 
|  12|0x0000000080c00000, 0x0000000080d00000, 0x0000000080d00000|100%| O|  |TAMS 0x0000000080d00000, 0x0000000080c00000| Untracked 
|  13|0x0000000080d00000, 0x0000000080e00000, 0x0000000080e00000|100%| O|  |TAMS 0x0000000080e00000, 0x0000000080d00000| Untracked 
|  14|0x0000000080e00000, 0x0000000080f00000, 0x0000000080f00000|100%| O|  |TAMS 0x0000000080f00000, 0x0000000080e00000| Untracked 
|  15|0x0000000080f00000, 0x0000000081000000, 0x0000000081000000|100%| O|  |TAMS 0x0000000081000000, 0x0000000080f00000| Untracked 
|  16|0x0000000081000000, 0x0000000081100000, 0x0000000081100000|100%| O|  |TAMS 0x0000000081100000, 0x0000000081000000| Untracked 
|  17|0x0000000081100000, 0x0000000081200000, 0x0000000081200000|100%| O|  |TAMS 0x0000000081200000, 0x0000000081100000| Untracked 
|  18|0x0000000081200000, 0x0000000081300000, 0x0000000081300000|100%| O|  |TAMS 0x0000000081300000, 0x0000000081200000| Untracked 
|  19|0x0000000081300000, 0x0000000081400000, 0x0000000081400000|100%| O|  |TAMS 0x0000000081400000, 0x0000000081300000| Untracked 
|  20|0x0000000081400000, 0x0000000081500000, 0x0000000081500000|100%| O|  |TAMS 0x0000000081500000, 0x0000000081400000| Untracked 
|  21|0x0000000081500000, 0x0000000081600000, 0x0000000081600000|100%| O|  |TAMS 0x0000000081600000, 0x0000000081500000| Untracked 
|  22|0x0000000081600000, 0x0000000081700000, 0x0000000081700000|100%| O|  |TAMS 0x0000000081700000, 0x0000000081600000| Untracked 
|  23|0x0000000081700000, 0x0000000081800000, 0x0000000081800000|100%| O|  |TAMS 0x0000000081800000, 0x0000000081700000| Untracked 
|  24|0x0000000081800000, 0x0000000081900000, 0x0000000081900000|100%| O|  |TAMS 0x0000000081900000, 0x0000000081800000| Untracked 
|  25|0x0000000081900000, 0x0000000081a00000, 0x0000000081a00000|100%| O|  |TAMS 0x0000000081a00000, 0x0000000081900000| Untracked 
|  26|0x0000000081a00000, 0x0000000081b00000, 0x0000000081b00000|100%| O|  |TAMS 0x0000000081b00000, 0x0000000081a00000| Untracked 
|  27|0x0000000081b00000, 0x0000000081c00000, 0x0000000081c00000|100%| O|  |TAMS 0x0000000081c00000, 0x0000000081b00000| Untracked 
|  28|0x0000000081c00000, 0x0000000081d00000, 0x0000000081d00000|100%| O|  |TAMS 0x0000000081d00000, 0x0000000081c00000| Untracked 
|  29|0x0000000081d00000, 0x0000000081e00000, 0x0000000081e00000|100%| O|  |TAMS 0x0000000081e00000, 0x0000000081d00000| Untracked 
|  30|0x0000000081e00000, 0x0000000081f00000, 0x0000000081f00000|100%| O|  |TAMS 0x0000000081f00000, 0x0000000081e00000| Untracked 
|  31|0x0000000081f00000, 0x0000000082000000, 0x0000000082000000|100%| O|  |TAMS 0x0000000082000000, 0x0000000081f00000| Untracked 
|  32|0x0000000082000000, 0x0000000082100000, 0x0000000082100000|100%| O|  |TAMS 0x0000000082100000, 0x0000000082000000| Untracked 
|  33|0x0000000082100000, 0x0000000082200000, 0x0000000082200000|100%| O|  |TAMS 0x0000000082200000, 0x0000000082100000| Untracked 
|  34|0x0000000082200000, 0x0000000082300000, 0x0000000082300000|100%| O|  |TAMS 0x0000000082300000, 0x0000000082200000| Untracked 
|  35|0x0000000082300000, 0x0000000082400000, 0x0000000082400000|100%| O|  |TAMS 0x0000000082400000, 0x0000000082300000| Untracked 
|  36|0x0000000082400000, 0x0000000082500000, 0x0000000082500000|100%| O|  |TAMS 0x0000000082500000, 0x0000000082400000| Untracked 
|  37|0x0000000082500000, 0x0000000082600000, 0x0000000082600000|100%| O|  |TAMS 0x0000000082600000, 0x0000000082500000| Untracked 
|  38|0x0000000082600000, 0x0000000082700000, 0x0000000082700000|100%| O|  |TAMS 0x0000000082700000, 0x0000000082600000| Untracked 
|  39|0x0000000082700000, 0x0000000082800000, 0x0000000082800000|100%| O|  |TAMS 0x0000000082800000, 0x0000000082700000| Untracked 
|  40|0x0000000082800000, 0x0000000082800000, 0x0000000082900000|  0%| F|  |TAMS 0x0000000082800000, 0x0000000082800000| Untracked 
|  41|0x0000000082900000, 0x0000000082a00000, 0x0000000082a00000|100%| O|  |TAMS 0x0000000082a00000, 0x0000000082900000| Untracked 
|  42|0x0000000082a00000, 0x0000000082b00000, 0x0000000082b00000|100%| O|  |TAMS 0x0000000082b00000, 0x0000000082a00000| Untracked 
|  43|0x0000000082b00000, 0x0000000082c00000, 0x0000000082c00000|100%| O|  |TAMS 0x0000000082c00000, 0x0000000082b00000| Untracked 
|  44|0x0000000082c00000, 0x0000000082d00000, 0x0000000082d00000|100%| O|  |TAMS 0x0000000082d00000, 0x0000000082c00000| Untracked 
|  45|0x0000000082d00000, 0x0000000082e00000, 0x0000000082e00000|100%|HS|  |TAMS 0x0000000082e00000, 0x0000000082d00000| Complete 
|  46|0x0000000082e00000, 0x0000000082f00000, 0x0000000082f00000|100%|HC|  |TAMS 0x0000000082f00000, 0x0000000082e00000| Complete 
|  47|0x0000000082f00000, 0x0000000083000000, 0x0000000083000000|100%|HC|  |TAMS 0x0000000083000000, 0x0000000082f00000| Complete 
|  48|0x0000000083000000, 0x0000000083100000, 0x0000000083100000|100%|HS|  |TAMS 0x0000000083100000, 0x0000000083000000| Complete 
|  49|0x0000000083100000, 0x0000000083200000, 0x0000000083200000|100%|HC|  |TAMS 0x0000000083200000, 0x0000000083100000| Complete 
|  50|0x0000000083200000, 0x0000000083300000, 0x0000000083300000|100%|HC|  |TAMS 0x0000000083300000, 0x0000000083200000| Complete 
|  51|0x0000000083300000, 0x0000000083400000, 0x0000000083400000|100%| O|  |TAMS 0x0000000083400000, 0x0000000083300000| Untracked 
|  52|0x0000000083400000, 0x0000000083500000, 0x0000000083500000|100%| O|  |TAMS 0x0000000083500000, 0x0000000083400000| Untracked 
|  53|0x0000000083500000, 0x0000000083600000, 0x0000000083600000|100%| O|  |TAMS 0x0000000083600000, 0x0000000083500000| Untracked 
|  54|0x0000000083600000, 0x0000000083700000, 0x0000000083700000|100%| O|  |TAMS 0x0000000083700000, 0x0000000083600000| Untracked 
|  55|0x0000000083700000, 0x0000000083800000, 0x0000000083800000|100%| O|  |TAMS 0x0000000083800000, 0x0000000083700000| Untracked 
|  56|0x0000000083800000, 0x0000000083900000, 0x0000000083900000|100%| O|  |TAMS 0x0000000083900000, 0x0000000083800000| Untracked 
|  57|0x0000000083900000, 0x0000000083a00000, 0x0000000083a00000|100%| O|  |TAMS 0x0000000083a00000, 0x0000000083900000| Untracked 
|  58|0x0000000083a00000, 0x0000000083b00000, 0x0000000083b00000|100%| O|  |TAMS 0x0000000083b00000, 0x0000000083a00000| Untracked 
|  59|0x0000000083b00000, 0x0000000083b00000, 0x0000000083c00000|  0%| F|  |TAMS 0x0000000083b00000, 0x0000000083b00000| Untracked 
|  60|0x0000000083c00000, 0x0000000083d00000, 0x0000000083d00000|100%| O|  |TAMS 0x0000000083c00000, 0x0000000083c00000| Untracked 
|  61|0x0000000083d00000, 0x0000000083d00000, 0x0000000083e00000|  0%| F|  |TAMS 0x0000000083d00000, 0x0000000083d00000| Untracked 
|  62|0x0000000083e00000, 0x0000000083f00000, 0x0000000083f00000|100%| O|  |TAMS 0x0000000083f00000, 0x0000000083e00000| Untracked 
|  63|0x0000000083f00000, 0x0000000084000000, 0x0000000084000000|100%| O|  |TAMS 0x0000000084000000, 0x0000000083f00000| Untracked 
|  64|0x0000000084000000, 0x0000000084100000, 0x0000000084100000|100%| O|  |TAMS 0x0000000084100000, 0x0000000084000000| Untracked 
|  65|0x0000000084100000, 0x0000000084200000, 0x0000000084200000|100%| O|  |TAMS 0x0000000084200000, 0x0000000084100000| Untracked 
|  66|0x0000000084200000, 0x0000000084200000, 0x0000000084300000|  0%| F|  |TAMS 0x0000000084200000, 0x0000000084200000| Untracked 
|  67|0x0000000084300000, 0x0000000084400000, 0x0000000084400000|100%| O|  |TAMS 0x0000000084300000, 0x0000000084300000| Untracked 
|  68|0x0000000084400000, 0x0000000084500000, 0x0000000084500000|100%| O|  |TAMS 0x0000000084500000, 0x0000000084400000| Untracked 
|  69|0x0000000084500000, 0x0000000084600000, 0x0000000084600000|100%| O|  |TAMS 0x0000000084600000, 0x0000000084500000| Untracked 
|  70|0x0000000084600000, 0x0000000084600000, 0x0000000084700000|  0%| F|  |TAMS 0x0000000084600000, 0x0000000084600000| Untracked 
|  71|0x0000000084700000, 0x0000000084800000, 0x0000000084800000|100%| O|  |TAMS 0x0000000084700000, 0x0000000084700000| Untracked 
|  72|0x0000000084800000, 0x0000000084900000, 0x0000000084900000|100%| O|  |TAMS 0x0000000084800000, 0x0000000084800000| Untracked 
|  73|0x0000000084900000, 0x0000000084a00000, 0x0000000084a00000|100%| O|  |TAMS 0x0000000084900000, 0x0000000084900000| Untracked 
|  74|0x0000000084a00000, 0x0000000084b00000, 0x0000000084b00000|100%| O|  |TAMS 0x0000000084b00000, 0x0000000084a00000| Untracked 
|  75|0x0000000084b00000, 0x0000000084c00000, 0x0000000084c00000|100%|HS|  |TAMS 0x0000000084c00000, 0x0000000084b00000| Complete 
|  76|0x0000000084c00000, 0x0000000084d00000, 0x0000000084d00000|100%|HS|  |TAMS 0x0000000084d00000, 0x0000000084c00000| Complete 
|  77|0x0000000084d00000, 0x0000000084e00000, 0x0000000084e00000|100%|HS|  |TAMS 0x0000000084e00000, 0x0000000084d00000| Complete 
|  78|0x0000000084e00000, 0x0000000084f00000, 0x0000000084f00000|100%|HS|  |TAMS 0x0000000084f00000, 0x0000000084e00000| Complete 
|  79|0x0000000084f00000, 0x0000000085000000, 0x0000000085000000|100%| O|  |TAMS 0x0000000085000000, 0x0000000084f00000| Untracked 
|  80|0x0000000085000000, 0x0000000085100000, 0x0000000085100000|100%|HS|  |TAMS 0x0000000085100000, 0x0000000085000000| Complete 
|  81|0x0000000085100000, 0x0000000085200000, 0x0000000085200000|100%|HS|  |TAMS 0x0000000085200000, 0x0000000085100000| Complete 
|  82|0x0000000085200000, 0x0000000085300000, 0x0000000085300000|100%| O|  |TAMS 0x0000000085300000, 0x0000000085200000| Untracked 
|  83|0x0000000085300000, 0x0000000085400000, 0x0000000085400000|100%| O|  |TAMS 0x0000000085400000, 0x0000000085300000| Untracked 
|  84|0x0000000085400000, 0x0000000085500000, 0x0000000085500000|100%| O|  |TAMS 0x0000000085500000, 0x0000000085400000| Untracked 
|  85|0x0000000085500000, 0x0000000085600000, 0x0000000085600000|100%| O|  |TAMS 0x0000000085600000, 0x0000000085500000| Untracked 
|  86|0x0000000085600000, 0x0000000085700000, 0x0000000085700000|100%| O|  |TAMS 0x0000000085700000, 0x0000000085600000| Untracked 
|  87|0x0000000085700000, 0x0000000085800000, 0x0000000085800000|100%| O|  |TAMS 0x0000000085800000, 0x0000000085700000| Untracked 
|  88|0x0000000085800000, 0x0000000085900000, 0x0000000085900000|100%| O|  |TAMS 0x0000000085900000, 0x0000000085800000| Untracked 
|  89|0x0000000085900000, 0x0000000085a00000, 0x0000000085a00000|100%| O|  |TAMS 0x0000000085a00000, 0x0000000085900000| Untracked 
|  90|0x0000000085a00000, 0x0000000085b00000, 0x0000000085b00000|100%| O|  |TAMS 0x0000000085b00000, 0x0000000085a00000| Untracked 
|  91|0x0000000085b00000, 0x0000000085c00000, 0x0000000085c00000|100%| O|  |TAMS 0x0000000085c00000, 0x0000000085b00000| Untracked 
|  92|0x0000000085c00000, 0x0000000085d00000, 0x0000000085d00000|100%| O|  |TAMS 0x0000000085d00000, 0x0000000085c00000| Untracked 
|  93|0x0000000085d00000, 0x0000000085e00000, 0x0000000085e00000|100%| O|  |TAMS 0x0000000085d00000, 0x0000000085d00000| Untracked 
|  94|0x0000000085e00000, 0x0000000085e00000, 0x0000000085f00000|  0%| F|  |TAMS 0x0000000085e00000, 0x0000000085e00000| Untracked 
|  95|0x0000000085f00000, 0x0000000086000000, 0x0000000086000000|100%| O|  |TAMS 0x0000000086000000, 0x0000000085f00000| Untracked 
|  96|0x0000000086000000, 0x0000000086100000, 0x0000000086100000|100%| O|  |TAMS 0x0000000086100000, 0x0000000086000000| Untracked 
|  97|0x0000000086100000, 0x0000000086200000, 0x0000000086200000|100%| O|  |TAMS 0x0000000086100000, 0x0000000086100000| Untracked 
|  98|0x0000000086200000, 0x0000000086300000, 0x0000000086300000|100%|HS|  |TAMS 0x0000000086300000, 0x0000000086200000| Complete 
|  99|0x0000000086300000, 0x0000000086400000, 0x0000000086400000|100%| O|  |TAMS 0x0000000086300000, 0x0000000086300000| Untracked 
| 100|0x0000000086400000, 0x0000000086500000, 0x0000000086500000|100%| O|  |TAMS 0x0000000086400000, 0x0000000086400000| Untracked 
| 101|0x0000000086500000, 0x0000000086600000, 0x0000000086600000|100%|HS|  |TAMS 0x0000000086600000, 0x0000000086500000| Complete 
| 102|0x0000000086600000, 0x0000000086700000, 0x0000000086700000|100%|HC|  |TAMS 0x0000000086700000, 0x0000000086600000| Complete 
| 103|0x0000000086700000, 0x0000000086800000, 0x0000000086800000|100%|HC|  |TAMS 0x0000000086800000, 0x0000000086700000| Complete 
| 104|0x0000000086800000, 0x0000000086900000, 0x0000000086900000|100%| O|  |TAMS 0x0000000086900000, 0x0000000086800000| Untracked 
| 105|0x0000000086900000, 0x0000000086a00000, 0x0000000086a00000|100%| O|  |TAMS 0x0000000086a00000, 0x0000000086900000| Untracked 
| 106|0x0000000086a00000, 0x0000000086b00000, 0x0000000086b00000|100%| O|  |TAMS 0x0000000086b00000, 0x0000000086a00000| Untracked 
| 107|0x0000000086b00000, 0x0000000086c00000, 0x0000000086c00000|100%| O|  |TAMS 0x0000000086c00000, 0x0000000086b00000| Untracked 
| 108|0x0000000086c00000, 0x0000000086d00000, 0x0000000086d00000|100%| O|  |TAMS 0x0000000086d00000, 0x0000000086c00000| Untracked 
| 109|0x0000000086d00000, 0x0000000086e00000, 0x0000000086e00000|100%| O|  |TAMS 0x0000000086e00000, 0x0000000086d00000| Untracked 
| 110|0x0000000086e00000, 0x0000000086f00000, 0x0000000086f00000|100%| O|  |TAMS 0x0000000086f00000, 0x0000000086e00000| Untracked 
| 111|0x0000000086f00000, 0x0000000087000000, 0x0000000087000000|100%| O|  |TAMS 0x0000000087000000, 0x0000000086f00000| Untracked 
| 112|0x0000000087000000, 0x0000000087100000, 0x0000000087100000|100%| O|  |TAMS 0x0000000087100000, 0x0000000087000000| Untracked 
| 113|0x0000000087100000, 0x0000000087100000, 0x0000000087200000|  0%| F|  |TAMS 0x0000000087100000, 0x0000000087100000| Untracked 
| 114|0x0000000087200000, 0x0000000087200000, 0x0000000087300000|  0%| F|  |TAMS 0x0000000087200000, 0x0000000087200000| Untracked 
| 115|0x0000000087300000, 0x0000000087300000, 0x0000000087400000|  0%| F|  |TAMS 0x0000000087300000, 0x0000000087300000| Untracked 
| 116|0x0000000087400000, 0x0000000087500000, 0x0000000087500000|100%| O|  |TAMS 0x0000000087500000, 0x0000000087400000| Untracked 
| 117|0x0000000087500000, 0x0000000087500000, 0x0000000087600000|  0%| F|  |TAMS 0x0000000087500000, 0x0000000087500000| Untracked 
| 118|0x0000000087600000, 0x0000000087700000, 0x0000000087700000|100%| O|  |TAMS 0x0000000087700000, 0x0000000087600000| Untracked 
| 119|0x0000000087700000, 0x0000000087800000, 0x0000000087800000|100%| O|  |TAMS 0x0000000087800000, 0x0000000087700000| Untracked 
| 120|0x0000000087800000, 0x0000000087900000, 0x0000000087900000|100%| O|  |TAMS 0x0000000087800000, 0x0000000087800000| Untracked 
| 121|0x0000000087900000, 0x0000000087a00000, 0x0000000087a00000|100%| O|  |TAMS 0x0000000087900000, 0x0000000087900000| Untracked 
| 122|0x0000000087a00000, 0x0000000087a00000, 0x0000000087b00000|  0%| F|  |TAMS 0x0000000087a00000, 0x0000000087a00000| Untracked 
| 123|0x0000000087b00000, 0x0000000087c00000, 0x0000000087c00000|100%| O|  |TAMS 0x0000000087b00000, 0x0000000087b00000| Untracked 
| 124|0x0000000087c00000, 0x0000000087d00000, 0x0000000087d00000|100%| O|  |TAMS 0x0000000087c00000, 0x0000000087c00000| Untracked 
| 125|0x0000000087d00000, 0x0000000087d00000, 0x0000000087e00000|  0%| F|  |TAMS 0x0000000087d00000, 0x0000000087d00000| Untracked 
| 126|0x0000000087e00000, 0x0000000087f00000, 0x0000000087f00000|100%| O|  |TAMS 0x0000000087e00000, 0x0000000087e00000| Untracked 
| 127|0x0000000087f00000, 0x0000000088000000, 0x0000000088000000|100%| O|  |TAMS 0x0000000087f00000, 0x0000000087f00000| Untracked 
| 128|0x0000000088000000, 0x0000000088100000, 0x0000000088100000|100%| O|  |TAMS 0x0000000088000000, 0x0000000088000000| Untracked 
| 129|0x0000000088100000, 0x0000000088200000, 0x0000000088200000|100%| O|  |TAMS 0x0000000088100000, 0x0000000088100000| Untracked 
| 130|0x0000000088200000, 0x0000000088300000, 0x0000000088300000|100%|HS|  |TAMS 0x0000000088300000, 0x0000000088200000| Complete 
| 131|0x0000000088300000, 0x0000000088400000, 0x0000000088400000|100%|HS|  |TAMS 0x0000000088400000, 0x0000000088300000| Complete 
| 132|0x0000000088400000, 0x0000000088500000, 0x0000000088500000|100%|HS|  |TAMS 0x0000000088500000, 0x0000000088400000| Complete 
| 133|0x0000000088500000, 0x0000000088600000, 0x0000000088600000|100%| O|  |TAMS 0x0000000088600000, 0x0000000088500000| Untracked 
| 134|0x0000000088600000, 0x0000000088700000, 0x0000000088700000|100%| O|  |TAMS 0x0000000088600000, 0x0000000088600000| Untracked 
| 135|0x0000000088700000, 0x0000000088800000, 0x0000000088800000|100%| O|  |TAMS 0x0000000088700000, 0x0000000088700000| Untracked 
| 136|0x0000000088800000, 0x0000000088900000, 0x0000000088900000|100%| O|  |TAMS 0x0000000088800000, 0x0000000088800000| Untracked 
| 137|0x0000000088900000, 0x0000000088a00000, 0x0000000088a00000|100%| O|  |TAMS 0x0000000088a00000, 0x0000000088900000| Untracked 
| 138|0x0000000088a00000, 0x0000000088b00000, 0x0000000088b00000|100%| O|  |TAMS 0x0000000088b00000, 0x0000000088a00000| Untracked 
| 139|0x0000000088b00000, 0x0000000088c00000, 0x0000000088c00000|100%| O|  |TAMS 0x0000000088c00000, 0x0000000088b00000| Untracked 
| 140|0x0000000088c00000, 0x0000000088d00000, 0x0000000088d00000|100%| O|  |TAMS 0x0000000088d00000, 0x0000000088c00000| Untracked 
| 141|0x0000000088d00000, 0x0000000088e00000, 0x0000000088e00000|100%| O|  |TAMS 0x0000000088e00000, 0x0000000088d00000| Untracked 
| 142|0x0000000088e00000, 0x0000000088e00000, 0x0000000088f00000|  0%| F|  |TAMS 0x0000000088e00000, 0x0000000088e00000| Untracked 
| 143|0x0000000088f00000, 0x0000000088f00000, 0x0000000089000000|  0%| F|  |TAMS 0x0000000088f00000, 0x0000000088f00000| Untracked 
| 144|0x0000000089000000, 0x0000000089100000, 0x0000000089100000|100%| O|  |TAMS 0x0000000089000000, 0x0000000089000000| Untracked 
| 145|0x0000000089100000, 0x0000000089200000, 0x0000000089200000|100%| O|  |TAMS 0x0000000089100000, 0x0000000089100000| Untracked 
| 146|0x0000000089200000, 0x0000000089300000, 0x0000000089300000|100%| O|  |TAMS 0x0000000089200000, 0x0000000089200000| Untracked 
| 147|0x0000000089300000, 0x00000000893e8600, 0x0000000089400000| 90%| O|  |TAMS 0x0000000089300000, 0x0000000089300000| Untracked 
| 148|0x0000000089400000, 0x0000000089500000, 0x0000000089500000|100%|HS|  |TAMS 0x0000000089500000, 0x0000000089400000| Complete 
| 149|0x0000000089500000, 0x0000000089600000, 0x0000000089600000|100%| O|  |TAMS 0x0000000089600000, 0x0000000089500000| Untracked 
| 150|0x0000000089600000, 0x0000000089700000, 0x0000000089700000|100%|HS|  |TAMS 0x0000000089700000, 0x0000000089600000| Complete 
| 151|0x0000000089700000, 0x0000000089800000, 0x0000000089800000|100%|HS|  |TAMS 0x0000000089800000, 0x0000000089700000| Complete 
| 152|0x0000000089800000, 0x0000000089900000, 0x0000000089900000|100%|HC|  |TAMS 0x0000000089900000, 0x0000000089800000| Complete 
| 153|0x0000000089900000, 0x0000000089a00000, 0x0000000089a00000|100%| O|  |TAMS 0x0000000089a00000, 0x0000000089900000| Untracked 
| 154|0x0000000089a00000, 0x0000000089a00000, 0x0000000089b00000|  0%| F|  |TAMS 0x0000000089a00000, 0x0000000089a00000| Untracked 
| 155|0x0000000089b00000, 0x0000000089b00000, 0x0000000089c00000|  0%| F|  |TAMS 0x0000000089b00000, 0x0000000089b00000| Untracked 
| 156|0x0000000089c00000, 0x0000000089c00000, 0x0000000089d00000|  0%| F|  |TAMS 0x0000000089c00000, 0x0000000089c00000| Untracked 
| 157|0x0000000089d00000, 0x0000000089d00000, 0x0000000089e00000|  0%| F|  |TAMS 0x0000000089d00000, 0x0000000089d00000| Untracked 
| 158|0x0000000089e00000, 0x0000000089e00000, 0x0000000089f00000|  0%| F|  |TAMS 0x0000000089e00000, 0x0000000089e00000| Untracked 
| 159|0x0000000089f00000, 0x0000000089f00000, 0x000000008a000000|  0%| F|  |TAMS 0x0000000089f00000, 0x0000000089f00000| Untracked 
| 160|0x000000008a000000, 0x000000008a100000, 0x000000008a100000|100%| O|  |TAMS 0x000000008a100000, 0x000000008a000000| Untracked 
| 161|0x000000008a100000, 0x000000008a200000, 0x000000008a200000|100%| O|  |TAMS 0x000000008a200000, 0x000000008a100000| Untracked 
| 162|0x000000008a200000, 0x000000008a300000, 0x000000008a300000|100%| O|  |TAMS 0x000000008a300000, 0x000000008a200000| Untracked 
| 163|0x000000008a300000, 0x000000008a400000, 0x000000008a400000|100%| O|  |TAMS 0x000000008a400000, 0x000000008a300000| Untracked 
| 164|0x000000008a400000, 0x000000008a400000, 0x000000008a500000|  0%| F|  |TAMS 0x000000008a400000, 0x000000008a400000| Untracked 
| 165|0x000000008a500000, 0x000000008a500000, 0x000000008a600000|  0%| F|  |TAMS 0x000000008a500000, 0x000000008a500000| Untracked 
| 166|0x000000008a600000, 0x000000008a700000, 0x000000008a700000|100%| O|  |TAMS 0x000000008a700000, 0x000000008a600000| Untracked 
| 167|0x000000008a700000, 0x000000008a700000, 0x000000008a800000|  0%| F|  |TAMS 0x000000008a700000, 0x000000008a700000| Untracked 
| 168|0x000000008a800000, 0x000000008a900000, 0x000000008a900000|100%|HS|  |TAMS 0x000000008a900000, 0x000000008a800000| Complete 
| 169|0x000000008a900000, 0x000000008aa00000, 0x000000008aa00000|100%|HS|  |TAMS 0x000000008aa00000, 0x000000008a900000| Complete 
| 170|0x000000008aa00000, 0x000000008ab00000, 0x000000008ab00000|100%| O|  |TAMS 0x000000008ab00000, 0x000000008aa00000| Untracked 
| 171|0x000000008ab00000, 0x000000008ac00000, 0x000000008ac00000|100%| O|  |TAMS 0x000000008ac00000, 0x000000008ab00000| Untracked 
| 172|0x000000008ac00000, 0x000000008ad00000, 0x000000008ad00000|100%| O|  |TAMS 0x000000008ad00000, 0x000000008ac00000| Untracked 
| 173|0x000000008ad00000, 0x000000008ad00000, 0x000000008ae00000|  0%| F|  |TAMS 0x000000008ad00000, 0x000000008ad00000| Untracked 
| 174|0x000000008ae00000, 0x000000008ae00000, 0x000000008af00000|  0%| F|  |TAMS 0x000000008ae00000, 0x000000008ae00000| Untracked 
| 175|0x000000008af00000, 0x000000008af00000, 0x000000008b000000|  0%| F|  |TAMS 0x000000008af00000, 0x000000008af00000| Untracked 
| 176|0x000000008b000000, 0x000000008b000000, 0x000000008b100000|  0%| F|  |TAMS 0x000000008b000000, 0x000000008b000000| Untracked 
| 177|0x000000008b100000, 0x000000008b200000, 0x000000008b200000|100%| O|  |TAMS 0x000000008b200000, 0x000000008b100000| Untracked 
| 178|0x000000008b200000, 0x000000008b300000, 0x000000008b300000|100%| O|  |TAMS 0x000000008b300000, 0x000000008b200000| Untracked 
| 179|0x000000008b300000, 0x000000008b300000, 0x000000008b400000|  0%| F|  |TAMS 0x000000008b300000, 0x000000008b300000| Untracked 
| 180|0x000000008b400000, 0x000000008b500000, 0x000000008b500000|100%| O|  |TAMS 0x000000008b500000, 0x000000008b400000| Untracked 
| 181|0x000000008b500000, 0x000000008b500000, 0x000000008b600000|  0%| F|  |TAMS 0x000000008b500000, 0x000000008b500000| Untracked 
| 182|0x000000008b600000, 0x000000008b600000, 0x000000008b700000|  0%| F|  |TAMS 0x000000008b600000, 0x000000008b600000| Untracked 
| 183|0x000000008b700000, 0x000000008b800000, 0x000000008b800000|100%|HS|  |TAMS 0x000000008b800000, 0x000000008b700000| Complete 
| 184|0x000000008b800000, 0x000000008b900000, 0x000000008b900000|100%|HS|  |TAMS 0x000000008b900000, 0x000000008b800000| Complete 
| 185|0x000000008b900000, 0x000000008ba00000, 0x000000008ba00000|100%|HS|  |TAMS 0x000000008ba00000, 0x000000008b900000| Complete 
| 186|0x000000008ba00000, 0x000000008bb00000, 0x000000008bb00000|100%| O|  |TAMS 0x000000008bb00000, 0x000000008ba00000| Untracked 
| 187|0x000000008bb00000, 0x000000008bb00000, 0x000000008bc00000|  0%| F|  |TAMS 0x000000008bb00000, 0x000000008bb00000| Untracked 
| 188|0x000000008bc00000, 0x000000008bc00000, 0x000000008bd00000|  0%| F|  |TAMS 0x000000008bc00000, 0x000000008bc00000| Untracked 
| 189|0x000000008bd00000, 0x000000008be00000, 0x000000008be00000|100%| O|  |TAMS 0x000000008bd00000, 0x000000008bd00000| Untracked 
| 190|0x000000008be00000, 0x000000008be00000, 0x000000008bf00000|  0%| F|  |TAMS 0x000000008be00000, 0x000000008be00000| Untracked 
| 191|0x000000008bf00000, 0x000000008c000000, 0x000000008c000000|100%| O|  |TAMS 0x000000008c000000, 0x000000008bf00000| Untracked 
| 192|0x000000008c000000, 0x000000008c100000, 0x000000008c100000|100%| O|  |TAMS 0x000000008c100000, 0x000000008c000000| Untracked 
| 193|0x000000008c100000, 0x000000008c200000, 0x000000008c200000|100%| O|  |TAMS 0x000000008c200000, 0x000000008c100000| Untracked 
| 194|0x000000008c200000, 0x000000008c300000, 0x000000008c300000|100%| O|  |TAMS 0x000000008c300000, 0x000000008c200000| Untracked 
| 195|0x000000008c300000, 0x000000008c300000, 0x000000008c400000|  0%| F|  |TAMS 0x000000008c300000, 0x000000008c300000| Untracked 
| 196|0x000000008c400000, 0x000000008c400000, 0x000000008c500000|  0%| F|  |TAMS 0x000000008c400000, 0x000000008c400000| Untracked 
| 197|0x000000008c500000, 0x000000008c500000, 0x000000008c600000|  0%| F|  |TAMS 0x000000008c500000, 0x000000008c500000| Untracked 
| 198|0x000000008c600000, 0x000000008c600000, 0x000000008c700000|  0%| F|  |TAMS 0x000000008c600000, 0x000000008c600000| Untracked 
| 199|0x000000008c700000, 0x000000008c700000, 0x000000008c800000|  0%| F|  |TAMS 0x000000008c700000, 0x000000008c700000| Untracked 
| 200|0x000000008c800000, 0x000000008c900000, 0x000000008c900000|100%|HS|  |TAMS 0x000000008c900000, 0x000000008c800000| Complete 
| 201|0x000000008c900000, 0x000000008ca00000, 0x000000008ca00000|100%|HS|  |TAMS 0x000000008ca00000, 0x000000008c900000| Complete 
| 202|0x000000008ca00000, 0x000000008ca00000, 0x000000008cb00000|  0%| F|  |TAMS 0x000000008ca00000, 0x000000008ca00000| Untracked 
| 203|0x000000008cb00000, 0x000000008cb00000, 0x000000008cc00000|  0%| F|  |TAMS 0x000000008cb00000, 0x000000008cb00000| Untracked 
| 204|0x000000008cc00000, 0x000000008cd00000, 0x000000008cd00000|100%| O|  |TAMS 0x000000008cd00000, 0x000000008cc00000| Untracked 
| 205|0x000000008cd00000, 0x000000008ce00000, 0x000000008ce00000|100%| O|  |TAMS 0x000000008ce00000, 0x000000008cd00000| Untracked 
| 206|0x000000008ce00000, 0x000000008cf00000, 0x000000008cf00000|100%| O|  |TAMS 0x000000008cf00000, 0x000000008ce00000| Untracked 
| 207|0x000000008cf00000, 0x000000008cf00000, 0x000000008d000000|  0%| F|  |TAMS 0x000000008cf00000, 0x000000008cf00000| Untracked 
| 208|0x000000008d000000, 0x000000008d000000, 0x000000008d100000|  0%| F|  |TAMS 0x000000008d000000, 0x000000008d000000| Untracked 
| 209|0x000000008d100000, 0x000000008d100000, 0x000000008d200000|  0%| F|  |TAMS 0x000000008d100000, 0x000000008d100000| Untracked 
| 210|0x000000008d200000, 0x000000008d200000, 0x000000008d300000|  0%| F|  |TAMS 0x000000008d200000, 0x000000008d200000| Untracked 
| 211|0x000000008d300000, 0x000000008d400000, 0x000000008d400000|100%| O|  |TAMS 0x000000008d300000, 0x000000008d300000| Untracked 
| 212|0x000000008d400000, 0x000000008d500000, 0x000000008d500000|100%|HS|  |TAMS 0x000000008d500000, 0x000000008d400000| Complete 
| 213|0x000000008d500000, 0x000000008d600000, 0x000000008d600000|100%|HS|  |TAMS 0x000000008d600000, 0x000000008d500000| Complete 
| 214|0x000000008d600000, 0x000000008d700000, 0x000000008d700000|100%|HS|  |TAMS 0x000000008d700000, 0x000000008d600000| Complete 
| 215|0x000000008d700000, 0x000000008d800000, 0x000000008d800000|100%|HS|  |TAMS 0x000000008d800000, 0x000000008d700000| Complete 
| 216|0x000000008d800000, 0x000000008d900000, 0x000000008d900000|100%| O|  |TAMS 0x000000008d900000, 0x000000008d800000| Untracked 
| 217|0x000000008d900000, 0x000000008d900000, 0x000000008da00000|  0%| F|  |TAMS 0x000000008d900000, 0x000000008d900000| Untracked 
| 218|0x000000008da00000, 0x000000008da00000, 0x000000008db00000|  0%| F|  |TAMS 0x000000008da00000, 0x000000008da00000| Untracked 
| 219|0x000000008db00000, 0x000000008dc00000, 0x000000008dc00000|100%| O|  |TAMS 0x000000008dc00000, 0x000000008db00000| Untracked 
| 220|0x000000008dc00000, 0x000000008dd00000, 0x000000008dd00000|100%| O|  |TAMS 0x000000008dd00000, 0x000000008dc00000| Untracked 
| 221|0x000000008dd00000, 0x000000008de00000, 0x000000008de00000|100%| O|  |TAMS 0x000000008de00000, 0x000000008dd00000| Untracked 
| 222|0x000000008de00000, 0x000000008de00000, 0x000000008df00000|  0%| F|  |TAMS 0x000000008de00000, 0x000000008de00000| Untracked 
| 223|0x000000008df00000, 0x000000008e000000, 0x000000008e000000|100%| O|  |TAMS 0x000000008df00000, 0x000000008df00000| Untracked 
| 224|0x000000008e000000, 0x000000008e100000, 0x000000008e100000|100%| O|  |TAMS 0x000000008e000000, 0x000000008e000000| Untracked 
| 225|0x000000008e100000, 0x000000008e100000, 0x000000008e200000|  0%| F|  |TAMS 0x000000008e100000, 0x000000008e100000| Untracked 
| 226|0x000000008e200000, 0x000000008e200000, 0x000000008e300000|  0%| F|  |TAMS 0x000000008e200000, 0x000000008e200000| Untracked 
| 227|0x000000008e300000, 0x000000008e300000, 0x000000008e400000|  0%| F|  |TAMS 0x000000008e300000, 0x000000008e300000| Untracked 
| 228|0x000000008e400000, 0x000000008e500000, 0x000000008e500000|100%| O|  |TAMS 0x000000008e400000, 0x000000008e400000| Untracked 
| 229|0x000000008e500000, 0x000000008e500000, 0x000000008e600000|  0%| F|  |TAMS 0x000000008e500000, 0x000000008e500000| Untracked 
| 230|0x000000008e600000, 0x000000008e600000, 0x000000008e700000|  0%| F|  |TAMS 0x000000008e600000, 0x000000008e600000| Untracked 
| 231|0x000000008e700000, 0x000000008e700000, 0x000000008e800000|  0%| F|  |TAMS 0x000000008e700000, 0x000000008e700000| Untracked 
| 232|0x000000008e800000, 0x000000008e800000, 0x000000008e900000|  0%| F|  |TAMS 0x000000008e800000, 0x000000008e800000| Untracked 
| 233|0x000000008e900000, 0x000000008e900000, 0x000000008ea00000|  0%| F|  |TAMS 0x000000008e900000, 0x000000008e900000| Untracked 
| 234|0x000000008ea00000, 0x000000008ea00000, 0x000000008eb00000|  0%| F|  |TAMS 0x000000008ea00000, 0x000000008ea00000| Untracked 
| 235|0x000000008eb00000, 0x000000008eb00000, 0x000000008ec00000|  0%| F|  |TAMS 0x000000008eb00000, 0x000000008eb00000| Untracked 
| 236|0x000000008ec00000, 0x000000008ec00000, 0x000000008ed00000|  0%| F|  |TAMS 0x000000008ec00000, 0x000000008ec00000| Untracked 
| 237|0x000000008ed00000, 0x000000008ee00000, 0x000000008ee00000|100%| O|  |TAMS 0x000000008ee00000, 0x000000008ed00000| Untracked 
| 238|0x000000008ee00000, 0x000000008ee00000, 0x000000008ef00000|  0%| F|  |TAMS 0x000000008ee00000, 0x000000008ee00000| Untracked 
| 239|0x000000008ef00000, 0x000000008ef00000, 0x000000008f000000|  0%| F|  |TAMS 0x000000008ef00000, 0x000000008ef00000| Untracked 
| 240|0x000000008f000000, 0x000000008f000000, 0x000000008f100000|  0%| F|  |TAMS 0x000000008f000000, 0x000000008f000000| Untracked 
| 241|0x000000008f100000, 0x000000008f100000, 0x000000008f200000|  0%| F|  |TAMS 0x000000008f100000, 0x000000008f100000| Untracked 
| 242|0x000000008f200000, 0x000000008f200000, 0x000000008f300000|  0%| F|  |TAMS 0x000000008f200000, 0x000000008f200000| Untracked 
| 243|0x000000008f300000, 0x000000008f300000, 0x000000008f400000|  0%| F|  |TAMS 0x000000008f300000, 0x000000008f300000| Untracked 
| 244|0x000000008f400000, 0x000000008f500000, 0x000000008f500000|100%| O|  |TAMS 0x000000008f500000, 0x000000008f400000| Untracked 
| 245|0x000000008f500000, 0x000000008f500000, 0x000000008f600000|  0%| F|  |TAMS 0x000000008f500000, 0x000000008f500000| Untracked 
| 246|0x000000008f600000, 0x000000008f600000, 0x000000008f700000|  0%| F|  |TAMS 0x000000008f600000, 0x000000008f600000| Untracked 
| 247|0x000000008f700000, 0x000000008f700000, 0x000000008f800000|  0%| F|  |TAMS 0x000000008f700000, 0x000000008f700000| Untracked 
| 248|0x000000008f800000, 0x000000008f900000, 0x000000008f900000|100%| O|  |TAMS 0x000000008f900000, 0x000000008f800000| Untracked 
| 249|0x000000008f900000, 0x000000008f900000, 0x000000008fa00000|  0%| F|  |TAMS 0x000000008f900000, 0x000000008f900000| Untracked 
| 250|0x000000008fa00000, 0x000000008fb00000, 0x000000008fb00000|100%| O|  |TAMS 0x000000008fa00000, 0x000000008fa00000| Untracked 
| 251|0x000000008fb00000, 0x000000008fc00000, 0x000000008fc00000|100%| O|  |TAMS 0x000000008fb00000, 0x000000008fb00000| Untracked 
| 252|0x000000008fc00000, 0x000000008fd00000, 0x000000008fd00000|100%| O|  |TAMS 0x000000008fc00000, 0x000000008fc00000| Untracked 
| 253|0x000000008fd00000, 0x000000008fd00000, 0x000000008fe00000|  0%| F|  |TAMS 0x000000008fd00000, 0x000000008fd00000| Untracked 
| 254|0x000000008fe00000, 0x000000008fe00000, 0x000000008ff00000|  0%| F|  |TAMS 0x000000008fe00000, 0x000000008fe00000| Untracked 
| 255|0x000000008ff00000, 0x000000008ff00000, 0x0000000090000000|  0%| F|  |TAMS 0x000000008ff00000, 0x000000008ff00000| Untracked 
| 256|0x0000000090000000, 0x0000000090000000, 0x0000000090100000|  0%| F|  |TAMS 0x0000000090000000, 0x0000000090000000| Untracked 
| 257|0x0000000090100000, 0x0000000090100000, 0x0000000090200000|  0%| F|  |TAMS 0x0000000090100000, 0x0000000090100000| Untracked 
| 258|0x0000000090200000, 0x0000000090200000, 0x0000000090300000|  0%| F|  |TAMS 0x0000000090200000, 0x0000000090200000| Untracked 
| 259|0x0000000090300000, 0x0000000090300000, 0x0000000090400000|  0%| F|  |TAMS 0x0000000090300000, 0x0000000090300000| Untracked 
| 260|0x0000000090400000, 0x0000000090500000, 0x0000000090500000|100%| O|  |TAMS 0x0000000090500000, 0x0000000090400000| Untracked 
| 261|0x0000000090500000, 0x0000000090500000, 0x0000000090600000|  0%| F|  |TAMS 0x0000000090500000, 0x0000000090500000| Untracked 
| 262|0x0000000090600000, 0x0000000090600000, 0x0000000090700000|  0%| F|  |TAMS 0x0000000090600000, 0x0000000090600000| Untracked 
| 263|0x0000000090700000, 0x0000000090800000, 0x0000000090800000|100%| O|  |TAMS 0x0000000090800000, 0x0000000090700000| Untracked 
| 264|0x0000000090800000, 0x0000000090900000, 0x0000000090900000|100%| O|  |TAMS 0x0000000090900000, 0x0000000090800000| Untracked 
| 265|0x0000000090900000, 0x0000000090a00000, 0x0000000090a00000|100%| O|  |TAMS 0x0000000090a00000, 0x0000000090900000| Untracked 
| 266|0x0000000090a00000, 0x0000000090b00000, 0x0000000090b00000|100%| O|  |TAMS 0x0000000090b00000, 0x0000000090a00000| Untracked 
| 267|0x0000000090b00000, 0x0000000090c00000, 0x0000000090c00000|100%| O|  |TAMS 0x0000000090c00000, 0x0000000090b00000| Untracked 
| 268|0x0000000090c00000, 0x0000000090d00000, 0x0000000090d00000|100%| O|  |TAMS 0x0000000090d00000, 0x0000000090c00000| Untracked 
| 269|0x0000000090d00000, 0x0000000090e00000, 0x0000000090e00000|100%| O|  |TAMS 0x0000000090e00000, 0x0000000090d00000| Untracked 
| 270|0x0000000090e00000, 0x0000000090f00000, 0x0000000090f00000|100%| O|  |TAMS 0x0000000090f00000, 0x0000000090e00000| Untracked 
| 271|0x0000000090f00000, 0x0000000091000000, 0x0000000091000000|100%| O|  |TAMS 0x0000000091000000, 0x0000000090f00000| Untracked 
| 272|0x0000000091000000, 0x0000000091100000, 0x0000000091100000|100%| O|  |TAMS 0x0000000091100000, 0x0000000091000000| Untracked 
| 273|0x0000000091100000, 0x0000000091200000, 0x0000000091200000|100%| O|  |TAMS 0x0000000091200000, 0x0000000091100000| Untracked 
| 274|0x0000000091200000, 0x0000000091200000, 0x0000000091300000|  0%| F|  |TAMS 0x0000000091200000, 0x0000000091200000| Untracked 
| 275|0x0000000091300000, 0x0000000091300000, 0x0000000091400000|  0%| F|  |TAMS 0x0000000091300000, 0x0000000091300000| Untracked 
| 276|0x0000000091400000, 0x0000000091500000, 0x0000000091500000|100%| O|  |TAMS 0x0000000091500000, 0x0000000091400000| Untracked 
| 277|0x0000000091500000, 0x0000000091600000, 0x0000000091600000|100%| O|  |TAMS 0x0000000091600000, 0x0000000091500000| Untracked 
| 278|0x0000000091600000, 0x0000000091700000, 0x0000000091700000|100%| O|  |TAMS 0x0000000091700000, 0x0000000091600000| Untracked 
| 279|0x0000000091700000, 0x0000000091800000, 0x0000000091800000|100%| O|  |TAMS 0x0000000091800000, 0x0000000091700000| Untracked 
| 280|0x0000000091800000, 0x0000000091900000, 0x0000000091900000|100%| O|  |TAMS 0x0000000091900000, 0x0000000091800000| Untracked 
| 281|0x0000000091900000, 0x0000000091a00000, 0x0000000091a00000|100%| O|  |TAMS 0x0000000091a00000, 0x0000000091900000| Untracked 
| 282|0x0000000091a00000, 0x0000000091b00000, 0x0000000091b00000|100%| O|  |TAMS 0x0000000091b00000, 0x0000000091a00000| Untracked 
| 283|0x0000000091b00000, 0x0000000091c00000, 0x0000000091c00000|100%| O|  |TAMS 0x0000000091c00000, 0x0000000091b00000| Untracked 
| 284|0x0000000091c00000, 0x0000000091c00000, 0x0000000091d00000|  0%| F|  |TAMS 0x0000000091c00000, 0x0000000091c00000| Untracked 
| 285|0x0000000091d00000, 0x0000000091e00000, 0x0000000091e00000|100%| O|  |TAMS 0x0000000091e00000, 0x0000000091d00000| Untracked 
| 286|0x0000000091e00000, 0x0000000091f00000, 0x0000000091f00000|100%| O|  |TAMS 0x0000000091f00000, 0x0000000091e00000| Untracked 
| 287|0x0000000091f00000, 0x0000000092000000, 0x0000000092000000|100%| O|  |TAMS 0x0000000092000000, 0x0000000091f00000| Untracked 
| 288|0x0000000092000000, 0x0000000092000000, 0x0000000092100000|  0%| F|  |TAMS 0x0000000092000000, 0x0000000092000000| Untracked 
| 289|0x0000000092100000, 0x0000000092200000, 0x0000000092200000|100%| O|  |TAMS 0x0000000092200000, 0x0000000092100000| Untracked 
| 290|0x0000000092200000, 0x0000000092300000, 0x0000000092300000|100%| O|  |TAMS 0x0000000092300000, 0x0000000092200000| Untracked 
| 291|0x0000000092300000, 0x0000000092400000, 0x0000000092400000|100%| O|  |TAMS 0x0000000092400000, 0x0000000092300000| Untracked 
| 292|0x0000000092400000, 0x0000000092500000, 0x0000000092500000|100%| O|  |TAMS 0x0000000092500000, 0x0000000092400000| Untracked 
| 293|0x0000000092500000, 0x0000000092500000, 0x0000000092600000|  0%| F|  |TAMS 0x0000000092500000, 0x0000000092500000| Untracked 
| 294|0x0000000092600000, 0x0000000092700000, 0x0000000092700000|100%| O|  |TAMS 0x0000000092700000, 0x0000000092600000| Untracked 
| 295|0x0000000092700000, 0x0000000092800000, 0x0000000092800000|100%| O|  |TAMS 0x0000000092800000, 0x0000000092700000| Untracked 
| 296|0x0000000092800000, 0x0000000092900000, 0x0000000092900000|100%| O|  |TAMS 0x0000000092900000, 0x0000000092800000| Untracked 
| 297|0x0000000092900000, 0x0000000092a00000, 0x0000000092a00000|100%| O|  |TAMS 0x0000000092a00000, 0x0000000092900000| Untracked 
| 298|0x0000000092a00000, 0x0000000092a00000, 0x0000000092b00000|  0%| F|  |TAMS 0x0000000092a00000, 0x0000000092a00000| Untracked 
| 299|0x0000000092b00000, 0x0000000092c00000, 0x0000000092c00000|100%| O|  |TAMS 0x0000000092b00000, 0x0000000092b00000| Untracked 
| 300|0x0000000092c00000, 0x0000000092d00000, 0x0000000092d00000|100%| O|  |TAMS 0x0000000092c00000, 0x0000000092c00000| Untracked 
| 301|0x0000000092d00000, 0x0000000092d00000, 0x0000000092e00000|  0%| F|  |TAMS 0x0000000092d00000, 0x0000000092d00000| Untracked 
| 302|0x0000000092e00000, 0x0000000092f00000, 0x0000000092f00000|100%| O|  |TAMS 0x0000000092e00000, 0x0000000092e00000| Untracked 
| 303|0x0000000092f00000, 0x0000000092f00000, 0x0000000093000000|  0%| F|  |TAMS 0x0000000092f00000, 0x0000000092f00000| Untracked 
| 304|0x0000000093000000, 0x0000000093100000, 0x0000000093100000|100%| O|  |TAMS 0x0000000093000000, 0x0000000093000000| Untracked 
| 305|0x0000000093100000, 0x0000000093200000, 0x0000000093200000|100%| O|  |TAMS 0x0000000093100000, 0x0000000093100000| Untracked 
| 306|0x0000000093200000, 0x0000000093200000, 0x0000000093300000|  0%| F|  |TAMS 0x0000000093200000, 0x0000000093200000| Untracked 
| 307|0x0000000093300000, 0x0000000093300000, 0x0000000093400000|  0%| F|  |TAMS 0x0000000093300000, 0x0000000093300000| Untracked 
| 308|0x0000000093400000, 0x0000000093400000, 0x0000000093500000|  0%| F|  |TAMS 0x0000000093400000, 0x0000000093400000| Untracked 
| 309|0x0000000093500000, 0x0000000093600000, 0x0000000093600000|100%| O|  |TAMS 0x0000000093500000, 0x0000000093500000| Untracked 
| 310|0x0000000093600000, 0x0000000093700000, 0x0000000093700000|100%| O|  |TAMS 0x0000000093600000, 0x0000000093600000| Untracked 
| 311|0x0000000093700000, 0x0000000093700000, 0x0000000093800000|  0%| F|  |TAMS 0x0000000093700000, 0x0000000093700000| Untracked 
| 312|0x0000000093800000, 0x0000000093800000, 0x0000000093900000|  0%| F|  |TAMS 0x0000000093800000, 0x0000000093800000| Untracked 
| 313|0x0000000093900000, 0x0000000093a00000, 0x0000000093a00000|100%| O|  |TAMS 0x0000000093900000, 0x0000000093900000| Untracked 
| 314|0x0000000093a00000, 0x0000000093a00000, 0x0000000093b00000|  0%| F|  |TAMS 0x0000000093a00000, 0x0000000093a00000| Untracked 
| 315|0x0000000093b00000, 0x0000000093c00000, 0x0000000093c00000|100%| O|  |TAMS 0x0000000093b00000, 0x0000000093b00000| Untracked 
| 316|0x0000000093c00000, 0x0000000093d00000, 0x0000000093d00000|100%| O|  |TAMS 0x0000000093c00000, 0x0000000093c00000| Untracked 
| 317|0x0000000093d00000, 0x0000000093d00000, 0x0000000093e00000|  0%| F|  |TAMS 0x0000000093d00000, 0x0000000093d00000| Untracked 
| 318|0x0000000093e00000, 0x0000000093e00000, 0x0000000093f00000|  0%| F|  |TAMS 0x0000000093e00000, 0x0000000093e00000| Untracked 
| 319|0x0000000093f00000, 0x0000000093f00000, 0x0000000094000000|  0%| F|  |TAMS 0x0000000093f00000, 0x0000000093f00000| Untracked 
| 320|0x0000000094000000, 0x0000000094000000, 0x0000000094100000|  0%| F|  |TAMS 0x0000000094000000, 0x0000000094000000| Untracked 
| 321|0x0000000094100000, 0x0000000094100000, 0x0000000094200000|  0%| F|  |TAMS 0x0000000094100000, 0x0000000094100000| Untracked 
| 322|0x0000000094200000, 0x0000000094200000, 0x0000000094300000|  0%| F|  |TAMS 0x0000000094200000, 0x0000000094200000| Untracked 
| 323|0x0000000094300000, 0x0000000094300000, 0x0000000094400000|  0%| F|  |TAMS 0x0000000094300000, 0x0000000094300000| Untracked 
| 324|0x0000000094400000, 0x0000000094400000, 0x0000000094500000|  0%| F|  |TAMS 0x0000000094400000, 0x0000000094400000| Untracked 
| 325|0x0000000094500000, 0x0000000094500000, 0x0000000094600000|  0%| F|  |TAMS 0x0000000094500000, 0x0000000094500000| Untracked 
| 326|0x0000000094600000, 0x0000000094600000, 0x0000000094700000|  0%| F|  |TAMS 0x0000000094600000, 0x0000000094600000| Untracked 
| 327|0x0000000094700000, 0x0000000094700000, 0x0000000094800000|  0%| F|  |TAMS 0x0000000094700000, 0x0000000094700000| Untracked 
| 328|0x0000000094800000, 0x0000000094800000, 0x0000000094900000|  0%| F|  |TAMS 0x0000000094800000, 0x0000000094800000| Untracked 
| 329|0x0000000094900000, 0x0000000094900000, 0x0000000094a00000|  0%| F|  |TAMS 0x0000000094900000, 0x0000000094900000| Untracked 
| 330|0x0000000094a00000, 0x0000000094a00000, 0x0000000094b00000|  0%| F|  |TAMS 0x0000000094a00000, 0x0000000094a00000| Untracked 
| 331|0x0000000094b00000, 0x0000000094b00000, 0x0000000094c00000|  0%| F|  |TAMS 0x0000000094b00000, 0x0000000094b00000| Untracked 
| 332|0x0000000094c00000, 0x0000000094c00000, 0x0000000094d00000|  0%| F|  |TAMS 0x0000000094c00000, 0x0000000094c00000| Untracked 
| 333|0x0000000094d00000, 0x0000000094d00000, 0x0000000094e00000|  0%| F|  |TAMS 0x0000000094d00000, 0x0000000094d00000| Untracked 
| 334|0x0000000094e00000, 0x0000000094e00000, 0x0000000094f00000|  0%| F|  |TAMS 0x0000000094e00000, 0x0000000094e00000| Untracked 
| 335|0x0000000094f00000, 0x0000000094f00000, 0x0000000095000000|  0%| F|  |TAMS 0x0000000094f00000, 0x0000000094f00000| Untracked 
| 336|0x0000000095000000, 0x0000000095000000, 0x0000000095100000|  0%| F|  |TAMS 0x0000000095000000, 0x0000000095000000| Untracked 
| 337|0x0000000095100000, 0x0000000095100000, 0x0000000095200000|  0%| F|  |TAMS 0x0000000095100000, 0x0000000095100000| Untracked 
| 338|0x0000000095200000, 0x0000000095200000, 0x0000000095300000|  0%| F|  |TAMS 0x0000000095200000, 0x0000000095200000| Untracked 
| 339|0x0000000095300000, 0x0000000095300000, 0x0000000095400000|  0%| F|  |TAMS 0x0000000095300000, 0x0000000095300000| Untracked 
| 340|0x0000000095400000, 0x0000000095400000, 0x0000000095500000|  0%| F|  |TAMS 0x0000000095400000, 0x0000000095400000| Untracked 
| 341|0x0000000095500000, 0x0000000095600000, 0x0000000095600000|100%| O|  |TAMS 0x0000000095500000, 0x0000000095500000| Untracked 
| 342|0x0000000095600000, 0x0000000095600000, 0x0000000095700000|  0%| F|  |TAMS 0x0000000095600000, 0x0000000095600000| Untracked 
| 343|0x0000000095700000, 0x0000000095700000, 0x0000000095800000|  0%| F|  |TAMS 0x0000000095700000, 0x0000000095700000| Untracked 
| 344|0x0000000095800000, 0x0000000095800000, 0x0000000095900000|  0%| F|  |TAMS 0x0000000095800000, 0x0000000095800000| Untracked 
| 345|0x0000000095900000, 0x0000000095900000, 0x0000000095a00000|  0%| F|  |TAMS 0x0000000095900000, 0x0000000095900000| Untracked 
| 346|0x0000000095a00000, 0x0000000095a00000, 0x0000000095b00000|  0%| F|  |TAMS 0x0000000095a00000, 0x0000000095a00000| Untracked 
| 347|0x0000000095b00000, 0x0000000095b00000, 0x0000000095c00000|  0%| F|  |TAMS 0x0000000095b00000, 0x0000000095b00000| Untracked 
| 348|0x0000000095c00000, 0x0000000095c00000, 0x0000000095d00000|  0%| F|  |TAMS 0x0000000095c00000, 0x0000000095c00000| Untracked 
| 349|0x0000000095d00000, 0x0000000095d00000, 0x0000000095e00000|  0%| F|  |TAMS 0x0000000095d00000, 0x0000000095d00000| Untracked 
| 350|0x0000000095e00000, 0x0000000095e00000, 0x0000000095f00000|  0%| F|  |TAMS 0x0000000095e00000, 0x0000000095e00000| Untracked 
| 351|0x0000000095f00000, 0x0000000095f00000, 0x0000000096000000|  0%| F|  |TAMS 0x0000000095f00000, 0x0000000095f00000| Untracked 
| 352|0x0000000096000000, 0x0000000096100000, 0x0000000096100000|100%| O|  |TAMS 0x0000000096000000, 0x0000000096000000| Untracked 
| 353|0x0000000096100000, 0x0000000096100000, 0x0000000096200000|  0%| F|  |TAMS 0x0000000096100000, 0x0000000096100000| Untracked 
| 354|0x0000000096200000, 0x0000000096200000, 0x0000000096300000|  0%| F|  |TAMS 0x0000000096200000, 0x0000000096200000| Untracked 
| 355|0x0000000096300000, 0x0000000096400000, 0x0000000096400000|100%| O|  |TAMS 0x0000000096300000, 0x0000000096300000| Untracked 
| 356|0x0000000096400000, 0x0000000096500000, 0x0000000096500000|100%| O|  |TAMS 0x0000000096400000, 0x0000000096400000| Untracked 
| 357|0x0000000096500000, 0x0000000096600000, 0x0000000096600000|100%| O|  |TAMS 0x0000000096500000, 0x0000000096500000| Untracked 
| 358|0x0000000096600000, 0x0000000096700000, 0x0000000096700000|100%| O|  |TAMS 0x0000000096600000, 0x0000000096600000| Untracked 
| 359|0x0000000096700000, 0x0000000096800000, 0x0000000096800000|100%| O|  |TAMS 0x0000000096700000, 0x0000000096700000| Untracked 
| 360|0x0000000096800000, 0x0000000096800000, 0x0000000096900000|  0%| F|  |TAMS 0x0000000096800000, 0x0000000096800000| Untracked 
| 361|0x0000000096900000, 0x0000000096900000, 0x0000000096a00000|  0%| F|  |TAMS 0x0000000096900000, 0x0000000096900000| Untracked 
| 362|0x0000000096a00000, 0x0000000096a00000, 0x0000000096b00000|  0%| F|  |TAMS 0x0000000096a00000, 0x0000000096a00000| Untracked 
| 363|0x0000000096b00000, 0x0000000096b00000, 0x0000000096c00000|  0%| F|  |TAMS 0x0000000096b00000, 0x0000000096b00000| Untracked 
| 364|0x0000000096c00000, 0x0000000096c00000, 0x0000000096d00000|  0%| F|  |TAMS 0x0000000096c00000, 0x0000000096c00000| Untracked 
| 365|0x0000000096d00000, 0x0000000096d00000, 0x0000000096e00000|  0%| F|  |TAMS 0x0000000096d00000, 0x0000000096d00000| Untracked 
| 366|0x0000000096e00000, 0x0000000096e00000, 0x0000000096f00000|  0%| F|  |TAMS 0x0000000096e00000, 0x0000000096e00000| Untracked 
| 367|0x0000000096f00000, 0x0000000096f00000, 0x0000000097000000|  0%| F|  |TAMS 0x0000000096f00000, 0x0000000096f00000| Untracked 
| 368|0x0000000097000000, 0x0000000097000000, 0x0000000097100000|  0%| F|  |TAMS 0x0000000097000000, 0x0000000097000000| Untracked 
| 369|0x0000000097100000, 0x0000000097100000, 0x0000000097200000|  0%| F|  |TAMS 0x0000000097100000, 0x0000000097100000| Untracked 
| 370|0x0000000097200000, 0x0000000097200000, 0x0000000097300000|  0%| F|  |TAMS 0x0000000097200000, 0x0000000097200000| Untracked 
| 371|0x0000000097300000, 0x0000000097300000, 0x0000000097400000|  0%| F|  |TAMS 0x0000000097300000, 0x0000000097300000| Untracked 
| 372|0x0000000097400000, 0x0000000097400000, 0x0000000097500000|  0%| F|  |TAMS 0x0000000097400000, 0x0000000097400000| Untracked 
| 373|0x0000000097500000, 0x0000000097600000, 0x0000000097600000|100%| O|  |TAMS 0x0000000097600000, 0x0000000097500000| Untracked 
| 374|0x0000000097600000, 0x0000000097700000, 0x0000000097700000|100%| O|  |TAMS 0x0000000097700000, 0x0000000097600000| Untracked 
| 375|0x0000000097700000, 0x0000000097800000, 0x0000000097800000|100%| O|  |TAMS 0x0000000097800000, 0x0000000097700000| Untracked 
| 376|0x0000000097800000, 0x0000000097900000, 0x0000000097900000|100%| O|  |TAMS 0x0000000097900000, 0x0000000097800000| Untracked 
| 377|0x0000000097900000, 0x0000000097a00000, 0x0000000097a00000|100%| O|  |TAMS 0x0000000097a00000, 0x0000000097900000| Untracked 
| 378|0x0000000097a00000, 0x0000000097b00000, 0x0000000097b00000|100%| O|  |TAMS 0x0000000097b00000, 0x0000000097a00000| Untracked 
| 379|0x0000000097b00000, 0x0000000097c00000, 0x0000000097c00000|100%| O|  |TAMS 0x0000000097c00000, 0x0000000097b00000| Untracked 
| 380|0x0000000097c00000, 0x0000000097d00000, 0x0000000097d00000|100%| O|  |TAMS 0x0000000097d00000, 0x0000000097c00000| Untracked 
| 381|0x0000000097d00000, 0x0000000097e00000, 0x0000000097e00000|100%| O|  |TAMS 0x0000000097e00000, 0x0000000097d00000| Untracked 
| 382|0x0000000097e00000, 0x0000000097f00000, 0x0000000097f00000|100%| O|  |TAMS 0x0000000097f00000, 0x0000000097e00000| Untracked 
| 383|0x0000000097f00000, 0x0000000098000000, 0x0000000098000000|100%| O|  |TAMS 0x0000000098000000, 0x0000000097f00000| Untracked 
| 384|0x0000000098000000, 0x0000000098100000, 0x0000000098100000|100%| O|  |TAMS 0x0000000098100000, 0x0000000098000000| Untracked 
| 385|0x0000000098100000, 0x0000000098200000, 0x0000000098200000|100%| O|  |TAMS 0x0000000098200000, 0x0000000098100000| Untracked 
| 386|0x0000000098200000, 0x0000000098300000, 0x0000000098300000|100%| O|  |TAMS 0x0000000098300000, 0x0000000098200000| Untracked 
| 387|0x0000000098300000, 0x0000000098400000, 0x0000000098400000|100%| O|  |TAMS 0x0000000098400000, 0x0000000098300000| Untracked 
| 388|0x0000000098400000, 0x0000000098500000, 0x0000000098500000|100%| O|  |TAMS 0x0000000098500000, 0x0000000098400000| Untracked 
| 389|0x0000000098500000, 0x0000000098600000, 0x0000000098600000|100%| O|  |TAMS 0x0000000098600000, 0x0000000098500000| Untracked 
| 390|0x0000000098600000, 0x0000000098700000, 0x0000000098700000|100%| O|  |TAMS 0x0000000098700000, 0x0000000098600000| Untracked 
| 391|0x0000000098700000, 0x0000000098800000, 0x0000000098800000|100%| O|  |TAMS 0x0000000098800000, 0x0000000098700000| Untracked 
| 392|0x0000000098800000, 0x0000000098900000, 0x0000000098900000|100%| O|  |TAMS 0x0000000098900000, 0x0000000098800000| Untracked 
| 393|0x0000000098900000, 0x0000000098900000, 0x0000000098a00000|  0%| F|  |TAMS 0x0000000098900000, 0x0000000098900000| Untracked 
| 394|0x0000000098a00000, 0x0000000098b00000, 0x0000000098b00000|100%| O|  |TAMS 0x0000000098b00000, 0x0000000098a00000| Untracked 
| 395|0x0000000098b00000, 0x0000000098c00000, 0x0000000098c00000|100%| O|  |TAMS 0x0000000098c00000, 0x0000000098b00000| Untracked 
| 396|0x0000000098c00000, 0x0000000098c00000, 0x0000000098d00000|  0%| F|  |TAMS 0x0000000098c00000, 0x0000000098c00000| Untracked 
| 397|0x0000000098d00000, 0x0000000098e00000, 0x0000000098e00000|100%| O|  |TAMS 0x0000000098e00000, 0x0000000098d00000| Untracked 
| 398|0x0000000098e00000, 0x0000000098f00000, 0x0000000098f00000|100%| O|  |TAMS 0x0000000098f00000, 0x0000000098e00000| Untracked 
| 399|0x0000000098f00000, 0x0000000099000000, 0x0000000099000000|100%| O|  |TAMS 0x0000000099000000, 0x0000000098f00000| Untracked 
| 400|0x0000000099000000, 0x0000000099100000, 0x0000000099100000|100%| O|  |TAMS 0x0000000099100000, 0x0000000099000000| Untracked 
| 401|0x0000000099100000, 0x0000000099200000, 0x0000000099200000|100%| O|  |TAMS 0x0000000099200000, 0x0000000099100000| Untracked 
| 402|0x0000000099200000, 0x0000000099300000, 0x0000000099300000|100%| O|  |TAMS 0x0000000099300000, 0x0000000099200000| Untracked 
| 403|0x0000000099300000, 0x0000000099400000, 0x0000000099400000|100%| O|  |TAMS 0x0000000099396c00, 0x0000000099300000| Untracked 
| 404|0x0000000099400000, 0x0000000099500000, 0x0000000099500000|100%| O|  |TAMS 0x0000000099400000, 0x0000000099400000| Untracked 
| 405|0x0000000099500000, 0x0000000099600000, 0x0000000099600000|100%| O|  |TAMS 0x0000000099500000, 0x0000000099500000| Untracked 
| 406|0x0000000099600000, 0x0000000099700000, 0x0000000099700000|100%| O|  |TAMS 0x0000000099600000, 0x0000000099600000| Untracked 
| 407|0x0000000099700000, 0x0000000099800000, 0x0000000099800000|100%| O|  |TAMS 0x0000000099700000, 0x0000000099700000| Untracked 
| 408|0x0000000099800000, 0x0000000099900000, 0x0000000099900000|100%| O|  |TAMS 0x0000000099800000, 0x0000000099800000| Untracked 
| 409|0x0000000099900000, 0x0000000099a00000, 0x0000000099a00000|100%| O|  |TAMS 0x0000000099900000, 0x0000000099900000| Untracked 
| 410|0x0000000099a00000, 0x0000000099b00000, 0x0000000099b00000|100%| O|  |TAMS 0x0000000099a00000, 0x0000000099a00000| Untracked 
| 411|0x0000000099b00000, 0x0000000099c00000, 0x0000000099c00000|100%| O|  |TAMS 0x0000000099b00000, 0x0000000099b00000| Untracked 
| 412|0x0000000099c00000, 0x0000000099d00000, 0x0000000099d00000|100%| O|  |TAMS 0x0000000099c00000, 0x0000000099c00000| Untracked 
| 413|0x0000000099d00000, 0x0000000099e00000, 0x0000000099e00000|100%| O|  |TAMS 0x0000000099d00000, 0x0000000099d00000| Untracked 
| 414|0x0000000099e00000, 0x0000000099f00000, 0x0000000099f00000|100%| O|  |TAMS 0x0000000099e00000, 0x0000000099e00000| Untracked 
| 415|0x0000000099f00000, 0x000000009a000000, 0x000000009a000000|100%| O|  |TAMS 0x0000000099f00000, 0x0000000099f00000| Untracked 
| 416|0x000000009a000000, 0x000000009a100000, 0x000000009a100000|100%| O|  |TAMS 0x000000009a000000, 0x000000009a000000| Untracked 
| 417|0x000000009a100000, 0x000000009a200000, 0x000000009a200000|100%| O|  |TAMS 0x000000009a100000, 0x000000009a100000| Untracked 
| 418|0x000000009a200000, 0x000000009a300000, 0x000000009a300000|100%| O|  |TAMS 0x000000009a200000, 0x000000009a200000| Untracked 
| 419|0x000000009a300000, 0x000000009a400000, 0x000000009a400000|100%| O|  |TAMS 0x000000009a300000, 0x000000009a300000| Untracked 
| 420|0x000000009a400000, 0x000000009a500000, 0x000000009a500000|100%| O|  |TAMS 0x000000009a400000, 0x000000009a400000| Untracked 
| 421|0x000000009a500000, 0x000000009a600000, 0x000000009a600000|100%| O|  |TAMS 0x000000009a500000, 0x000000009a500000| Untracked 
| 422|0x000000009a600000, 0x000000009a700000, 0x000000009a700000|100%| O|  |TAMS 0x000000009a600000, 0x000000009a600000| Untracked 
| 423|0x000000009a700000, 0x000000009a800000, 0x000000009a800000|100%| O|  |TAMS 0x000000009a700000, 0x000000009a700000| Untracked 
| 424|0x000000009a800000, 0x000000009a900000, 0x000000009a900000|100%| O|  |TAMS 0x000000009a800000, 0x000000009a800000| Untracked 
| 425|0x000000009a900000, 0x000000009aa00000, 0x000000009aa00000|100%| O|  |TAMS 0x000000009a900000, 0x000000009a900000| Untracked 
| 426|0x000000009aa00000, 0x000000009ab00000, 0x000000009ab00000|100%| O|  |TAMS 0x000000009aa00000, 0x000000009aa00000| Untracked 
| 427|0x000000009ab00000, 0x000000009ac00000, 0x000000009ac00000|100%| O|  |TAMS 0x000000009ab00000, 0x000000009ab00000| Untracked 
| 428|0x000000009ac00000, 0x000000009ad00000, 0x000000009ad00000|100%| O|  |TAMS 0x000000009ac00000, 0x000000009ac00000| Untracked 
| 429|0x000000009ad00000, 0x000000009ae00000, 0x000000009ae00000|100%| O|  |TAMS 0x000000009ad00000, 0x000000009ad00000| Untracked 
| 430|0x000000009ae00000, 0x000000009af00000, 0x000000009af00000|100%| O|  |TAMS 0x000000009ae00000, 0x000000009ae00000| Untracked 
| 431|0x000000009af00000, 0x000000009af00000, 0x000000009b000000|  0%| F|  |TAMS 0x000000009af00000, 0x000000009af00000| Untracked 
| 432|0x000000009b000000, 0x000000009b000000, 0x000000009b100000|  0%| F|  |TAMS 0x000000009b000000, 0x000000009b000000| Untracked 
| 433|0x000000009b100000, 0x000000009b100000, 0x000000009b200000|  0%| F|  |TAMS 0x000000009b100000, 0x000000009b100000| Untracked 
| 434|0x000000009b200000, 0x000000009b200000, 0x000000009b300000|  0%| F|  |TAMS 0x000000009b200000, 0x000000009b200000| Untracked 
| 435|0x000000009b300000, 0x000000009b300000, 0x000000009b400000|  0%| F|  |TAMS 0x000000009b300000, 0x000000009b300000| Untracked 
| 436|0x000000009b400000, 0x000000009b400000, 0x000000009b500000|  0%| F|  |TAMS 0x000000009b400000, 0x000000009b400000| Untracked 
| 437|0x000000009b500000, 0x000000009b500000, 0x000000009b600000|  0%| F|  |TAMS 0x000000009b500000, 0x000000009b500000| Untracked 
| 438|0x000000009b600000, 0x000000009b600000, 0x000000009b700000|  0%| F|  |TAMS 0x000000009b600000, 0x000000009b600000| Untracked 
| 439|0x000000009b700000, 0x000000009b700000, 0x000000009b800000|  0%| F|  |TAMS 0x000000009b700000, 0x000000009b700000| Untracked 
| 440|0x000000009b800000, 0x000000009b800000, 0x000000009b900000|  0%| F|  |TAMS 0x000000009b800000, 0x000000009b800000| Untracked 
| 441|0x000000009b900000, 0x000000009b900000, 0x000000009ba00000|  0%| F|  |TAMS 0x000000009b900000, 0x000000009b900000| Untracked 
| 442|0x000000009ba00000, 0x000000009ba00000, 0x000000009bb00000|  0%| F|  |TAMS 0x000000009ba00000, 0x000000009ba00000| Untracked 
| 443|0x000000009bb00000, 0x000000009bb00000, 0x000000009bc00000|  0%| F|  |TAMS 0x000000009bb00000, 0x000000009bb00000| Untracked 
| 444|0x000000009bc00000, 0x000000009bc00000, 0x000000009bd00000|  0%| F|  |TAMS 0x000000009bc00000, 0x000000009bc00000| Untracked 
| 445|0x000000009bd00000, 0x000000009bd00000, 0x000000009be00000|  0%| F|  |TAMS 0x000000009bd00000, 0x000000009bd00000| Untracked 
| 446|0x000000009be00000, 0x000000009be00000, 0x000000009bf00000|  0%| F|  |TAMS 0x000000009be00000, 0x000000009be00000| Untracked 
| 447|0x000000009bf00000, 0x000000009bf00000, 0x000000009c000000|  0%| F|  |TAMS 0x000000009bf00000, 0x000000009bf00000| Untracked 
| 448|0x000000009c000000, 0x000000009c000000, 0x000000009c100000|  0%| F|  |TAMS 0x000000009c000000, 0x000000009c000000| Untracked 
| 449|0x000000009c100000, 0x000000009c100000, 0x000000009c200000|  0%| F|  |TAMS 0x000000009c100000, 0x000000009c100000| Untracked 
| 450|0x000000009c200000, 0x000000009c200000, 0x000000009c300000|  0%| F|  |TAMS 0x000000009c200000, 0x000000009c200000| Untracked 
| 451|0x000000009c300000, 0x000000009c300000, 0x000000009c400000|  0%| F|  |TAMS 0x000000009c300000, 0x000000009c300000| Untracked 
| 452|0x000000009c400000, 0x000000009c400000, 0x000000009c500000|  0%| F|  |TAMS 0x000000009c400000, 0x000000009c400000| Untracked 
| 453|0x000000009c500000, 0x000000009c500000, 0x000000009c600000|  0%| F|  |TAMS 0x000000009c500000, 0x000000009c500000| Untracked 
| 454|0x000000009c600000, 0x000000009c600000, 0x000000009c700000|  0%| F|  |TAMS 0x000000009c600000, 0x000000009c600000| Untracked 
| 455|0x000000009c700000, 0x000000009c700000, 0x000000009c800000|  0%| F|  |TAMS 0x000000009c700000, 0x000000009c700000| Untracked 
| 456|0x000000009c800000, 0x000000009c800000, 0x000000009c900000|  0%| F|  |TAMS 0x000000009c800000, 0x000000009c800000| Untracked 
| 457|0x000000009c900000, 0x000000009c900000, 0x000000009ca00000|  0%| F|  |TAMS 0x000000009c900000, 0x000000009c900000| Untracked 
| 458|0x000000009ca00000, 0x000000009ca00000, 0x000000009cb00000|  0%| F|  |TAMS 0x000000009ca00000, 0x000000009ca00000| Untracked 
| 459|0x000000009cb00000, 0x000000009cb00000, 0x000000009cc00000|  0%| F|  |TAMS 0x000000009cb00000, 0x000000009cb00000| Untracked 
| 460|0x000000009cc00000, 0x000000009cc00000, 0x000000009cd00000|  0%| F|  |TAMS 0x000000009cc00000, 0x000000009cc00000| Untracked 
| 461|0x000000009cd00000, 0x000000009cd00000, 0x000000009ce00000|  0%| F|  |TAMS 0x000000009cd00000, 0x000000009cd00000| Untracked 
| 462|0x000000009ce00000, 0x000000009ce00000, 0x000000009cf00000|  0%| F|  |TAMS 0x000000009ce00000, 0x000000009ce00000| Untracked 
| 463|0x000000009cf00000, 0x000000009cf00000, 0x000000009d000000|  0%| F|  |TAMS 0x000000009cf00000, 0x000000009cf00000| Untracked 
| 464|0x000000009d000000, 0x000000009d000000, 0x000000009d100000|  0%| F|  |TAMS 0x000000009d000000, 0x000000009d000000| Untracked 
| 465|0x000000009d100000, 0x000000009d100000, 0x000000009d200000|  0%| F|  |TAMS 0x000000009d100000, 0x000000009d100000| Untracked 
| 466|0x000000009d200000, 0x000000009d200000, 0x000000009d300000|  0%| F|  |TAMS 0x000000009d200000, 0x000000009d200000| Untracked 
| 467|0x000000009d300000, 0x000000009d300000, 0x000000009d400000|  0%| F|  |TAMS 0x000000009d300000, 0x000000009d300000| Untracked 
| 468|0x000000009d400000, 0x000000009d400000, 0x000000009d500000|  0%| F|  |TAMS 0x000000009d400000, 0x000000009d400000| Untracked 
| 469|0x000000009d500000, 0x000000009d500000, 0x000000009d600000|  0%| F|  |TAMS 0x000000009d500000, 0x000000009d500000| Untracked 
| 470|0x000000009d600000, 0x000000009d600000, 0x000000009d700000|  0%| F|  |TAMS 0x000000009d600000, 0x000000009d600000| Untracked 
| 471|0x000000009d700000, 0x000000009d700000, 0x000000009d800000|  0%| F|  |TAMS 0x000000009d700000, 0x000000009d700000| Untracked 
| 472|0x000000009d800000, 0x000000009d800000, 0x000000009d900000|  0%| F|  |TAMS 0x000000009d800000, 0x000000009d800000| Untracked 
| 473|0x000000009d900000, 0x000000009d900000, 0x000000009da00000|  0%| F|  |TAMS 0x000000009d900000, 0x000000009d900000| Untracked 
| 474|0x000000009da00000, 0x000000009da00000, 0x000000009db00000|  0%| F|  |TAMS 0x000000009da00000, 0x000000009da00000| Untracked 
| 475|0x000000009db00000, 0x000000009db00000, 0x000000009dc00000|  0%| F|  |TAMS 0x000000009db00000, 0x000000009db00000| Untracked 
| 476|0x000000009dc00000, 0x000000009dc00000, 0x000000009dd00000|  0%| F|  |TAMS 0x000000009dc00000, 0x000000009dc00000| Untracked 
| 477|0x000000009dd00000, 0x000000009dd00000, 0x000000009de00000|  0%| F|  |TAMS 0x000000009dd00000, 0x000000009dd00000| Untracked 
| 478|0x000000009de00000, 0x000000009de00000, 0x000000009df00000|  0%| F|  |TAMS 0x000000009de00000, 0x000000009de00000| Untracked 
| 479|0x000000009df00000, 0x000000009df00000, 0x000000009e000000|  0%| F|  |TAMS 0x000000009df00000, 0x000000009df00000| Untracked 
| 480|0x000000009e000000, 0x000000009e000000, 0x000000009e100000|  0%| F|  |TAMS 0x000000009e000000, 0x000000009e000000| Untracked 
| 481|0x000000009e100000, 0x000000009e100000, 0x000000009e200000|  0%| F|  |TAMS 0x000000009e100000, 0x000000009e100000| Untracked 
| 482|0x000000009e200000, 0x000000009e200000, 0x000000009e300000|  0%| F|  |TAMS 0x000000009e200000, 0x000000009e200000| Untracked 
| 483|0x000000009e300000, 0x000000009e300000, 0x000000009e400000|  0%| F|  |TAMS 0x000000009e300000, 0x000000009e300000| Untracked 
| 484|0x000000009e400000, 0x000000009e400000, 0x000000009e500000|  0%| F|  |TAMS 0x000000009e400000, 0x000000009e400000| Untracked 
| 485|0x000000009e500000, 0x000000009e500000, 0x000000009e600000|  0%| F|  |TAMS 0x000000009e500000, 0x000000009e500000| Untracked 
| 486|0x000000009e600000, 0x000000009e600000, 0x000000009e700000|  0%| F|  |TAMS 0x000000009e600000, 0x000000009e600000| Untracked 
| 487|0x000000009e700000, 0x000000009e700000, 0x000000009e800000|  0%| F|  |TAMS 0x000000009e700000, 0x000000009e700000| Untracked 
| 488|0x000000009e800000, 0x000000009e800000, 0x000000009e900000|  0%| F|  |TAMS 0x000000009e800000, 0x000000009e800000| Untracked 
| 489|0x000000009e900000, 0x000000009e900000, 0x000000009ea00000|  0%| F|  |TAMS 0x000000009e900000, 0x000000009e900000| Untracked 
| 490|0x000000009ea00000, 0x000000009ea00000, 0x000000009eb00000|  0%| F|  |TAMS 0x000000009ea00000, 0x000000009ea00000| Untracked 
| 491|0x000000009eb00000, 0x000000009eb00000, 0x000000009ec00000|  0%| F|  |TAMS 0x000000009eb00000, 0x000000009eb00000| Untracked 
| 492|0x000000009ec00000, 0x000000009ec00000, 0x000000009ed00000|  0%| F|  |TAMS 0x000000009ec00000, 0x000000009ec00000| Untracked 
| 493|0x000000009ed00000, 0x000000009ed00000, 0x000000009ee00000|  0%| F|  |TAMS 0x000000009ed00000, 0x000000009ed00000| Untracked 
| 494|0x000000009ee00000, 0x000000009ee00000, 0x000000009ef00000|  0%| F|  |TAMS 0x000000009ee00000, 0x000000009ee00000| Untracked 
| 495|0x000000009ef00000, 0x000000009ef00000, 0x000000009f000000|  0%| F|  |TAMS 0x000000009ef00000, 0x000000009ef00000| Untracked 
| 496|0x000000009f000000, 0x000000009f000000, 0x000000009f100000|  0%| F|  |TAMS 0x000000009f000000, 0x000000009f000000| Untracked 
| 497|0x000000009f100000, 0x000000009f100000, 0x000000009f200000|  0%| F|  |TAMS 0x000000009f100000, 0x000000009f100000| Untracked 
| 498|0x000000009f200000, 0x000000009f200000, 0x000000009f300000|  0%| F|  |TAMS 0x000000009f200000, 0x000000009f200000| Untracked 
| 499|0x000000009f300000, 0x000000009f300000, 0x000000009f400000|  0%| F|  |TAMS 0x000000009f300000, 0x000000009f300000| Untracked 
| 500|0x000000009f400000, 0x000000009f400000, 0x000000009f500000|  0%| F|  |TAMS 0x000000009f400000, 0x000000009f400000| Untracked 
| 501|0x000000009f500000, 0x000000009f500000, 0x000000009f600000|  0%| F|  |TAMS 0x000000009f500000, 0x000000009f500000| Untracked 
| 502|0x000000009f600000, 0x000000009f600000, 0x000000009f700000|  0%| F|  |TAMS 0x000000009f600000, 0x000000009f600000| Untracked 
| 503|0x000000009f700000, 0x000000009f700000, 0x000000009f800000|  0%| F|  |TAMS 0x000000009f700000, 0x000000009f700000| Untracked 
| 504|0x000000009f800000, 0x000000009f800000, 0x000000009f900000|  0%| F|  |TAMS 0x000000009f800000, 0x000000009f800000| Untracked 
| 505|0x000000009f900000, 0x000000009f900000, 0x000000009fa00000|  0%| F|  |TAMS 0x000000009f900000, 0x000000009f900000| Untracked 
| 506|0x000000009fa00000, 0x000000009fa00000, 0x000000009fb00000|  0%| F|  |TAMS 0x000000009fa00000, 0x000000009fa00000| Untracked 
| 507|0x000000009fb00000, 0x000000009fb00000, 0x000000009fc00000|  0%| F|  |TAMS 0x000000009fb00000, 0x000000009fb00000| Untracked 
| 508|0x000000009fc00000, 0x000000009fc00000, 0x000000009fd00000|  0%| F|  |TAMS 0x000000009fc00000, 0x000000009fc00000| Untracked 
| 509|0x000000009fd00000, 0x000000009fd00000, 0x000000009fe00000|  0%| F|  |TAMS 0x000000009fd00000, 0x000000009fd00000| Untracked 
| 510|0x000000009fe00000, 0x000000009fe00000, 0x000000009ff00000|  0%| F|  |TAMS 0x000000009fe00000, 0x000000009fe00000| Untracked 
| 511|0x000000009ff00000, 0x000000009ff00000, 0x00000000a0000000|  0%| F|  |TAMS 0x000000009ff00000, 0x000000009ff00000| Untracked 
| 512|0x00000000a0000000, 0x00000000a0000000, 0x00000000a0100000|  0%| F|  |TAMS 0x00000000a0000000, 0x00000000a0000000| Untracked 
| 513|0x00000000a0100000, 0x00000000a0100000, 0x00000000a0200000|  0%| F|  |TAMS 0x00000000a0100000, 0x00000000a0100000| Untracked 
| 514|0x00000000a0200000, 0x00000000a0200000, 0x00000000a0300000|  0%| F|  |TAMS 0x00000000a0200000, 0x00000000a0200000| Untracked 
| 515|0x00000000a0300000, 0x00000000a0300000, 0x00000000a0400000|  0%| F|  |TAMS 0x00000000a0300000, 0x00000000a0300000| Untracked 
| 516|0x00000000a0400000, 0x00000000a0400000, 0x00000000a0500000|  0%| F|  |TAMS 0x00000000a0400000, 0x00000000a0400000| Untracked 
| 517|0x00000000a0500000, 0x00000000a0500000, 0x00000000a0600000|  0%| F|  |TAMS 0x00000000a0500000, 0x00000000a0500000| Untracked 
| 518|0x00000000a0600000, 0x00000000a0600000, 0x00000000a0700000|  0%| F|  |TAMS 0x00000000a0600000, 0x00000000a0600000| Untracked 
| 519|0x00000000a0700000, 0x00000000a0700000, 0x00000000a0800000|  0%| F|  |TAMS 0x00000000a0700000, 0x00000000a0700000| Untracked 
| 520|0x00000000a0800000, 0x00000000a0800000, 0x00000000a0900000|  0%| F|  |TAMS 0x00000000a0800000, 0x00000000a0800000| Untracked 
| 521|0x00000000a0900000, 0x00000000a0900000, 0x00000000a0a00000|  0%| F|  |TAMS 0x00000000a0900000, 0x00000000a0900000| Untracked 
| 522|0x00000000a0a00000, 0x00000000a0a00000, 0x00000000a0b00000|  0%| F|  |TAMS 0x00000000a0a00000, 0x00000000a0a00000| Untracked 
| 523|0x00000000a0b00000, 0x00000000a0b00000, 0x00000000a0c00000|  0%| F|  |TAMS 0x00000000a0b00000, 0x00000000a0b00000| Untracked 
| 524|0x00000000a0c00000, 0x00000000a0c00000, 0x00000000a0d00000|  0%| F|  |TAMS 0x00000000a0c00000, 0x00000000a0c00000| Untracked 
| 525|0x00000000a0d00000, 0x00000000a0d00000, 0x00000000a0e00000|  0%| F|  |TAMS 0x00000000a0d00000, 0x00000000a0d00000| Untracked 
| 526|0x00000000a0e00000, 0x00000000a0e00000, 0x00000000a0f00000|  0%| F|  |TAMS 0x00000000a0e00000, 0x00000000a0e00000| Untracked 
| 527|0x00000000a0f00000, 0x00000000a0f00000, 0x00000000a1000000|  0%| F|  |TAMS 0x00000000a0f00000, 0x00000000a0f00000| Untracked 
| 528|0x00000000a1000000, 0x00000000a1000000, 0x00000000a1100000|  0%| F|  |TAMS 0x00000000a1000000, 0x00000000a1000000| Untracked 
| 529|0x00000000a1100000, 0x00000000a1100000, 0x00000000a1200000|  0%| F|  |TAMS 0x00000000a1100000, 0x00000000a1100000| Untracked 
| 530|0x00000000a1200000, 0x00000000a1200000, 0x00000000a1300000|  0%| F|  |TAMS 0x00000000a1200000, 0x00000000a1200000| Untracked 
| 531|0x00000000a1300000, 0x00000000a1300000, 0x00000000a1400000|  0%| F|  |TAMS 0x00000000a1300000, 0x00000000a1300000| Untracked 
| 532|0x00000000a1400000, 0x00000000a1400000, 0x00000000a1500000|  0%| F|  |TAMS 0x00000000a1400000, 0x00000000a1400000| Untracked 
| 533|0x00000000a1500000, 0x00000000a1500000, 0x00000000a1600000|  0%| F|  |TAMS 0x00000000a1500000, 0x00000000a1500000| Untracked 
| 534|0x00000000a1600000, 0x00000000a1600000, 0x00000000a1700000|  0%| F|  |TAMS 0x00000000a1600000, 0x00000000a1600000| Untracked 
| 535|0x00000000a1700000, 0x00000000a1700000, 0x00000000a1800000|  0%| F|  |TAMS 0x00000000a1700000, 0x00000000a1700000| Untracked 
| 536|0x00000000a1800000, 0x00000000a1800000, 0x00000000a1900000|  0%| F|  |TAMS 0x00000000a1800000, 0x00000000a1800000| Untracked 
| 537|0x00000000a1900000, 0x00000000a1900000, 0x00000000a1a00000|  0%| F|  |TAMS 0x00000000a1900000, 0x00000000a1900000| Untracked 
| 538|0x00000000a1a00000, 0x00000000a1a00000, 0x00000000a1b00000|  0%| F|  |TAMS 0x00000000a1a00000, 0x00000000a1a00000| Untracked 
| 539|0x00000000a1b00000, 0x00000000a1b00000, 0x00000000a1c00000|  0%| F|  |TAMS 0x00000000a1b00000, 0x00000000a1b00000| Untracked 
| 540|0x00000000a1c00000, 0x00000000a1c00000, 0x00000000a1d00000|  0%| F|  |TAMS 0x00000000a1c00000, 0x00000000a1c00000| Untracked 
| 541|0x00000000a1d00000, 0x00000000a1d00000, 0x00000000a1e00000|  0%| F|  |TAMS 0x00000000a1d00000, 0x00000000a1d00000| Untracked 
| 542|0x00000000a1e00000, 0x00000000a1e00000, 0x00000000a1f00000|  0%| F|  |TAMS 0x00000000a1e00000, 0x00000000a1e00000| Untracked 
| 543|0x00000000a1f00000, 0x00000000a1f00000, 0x00000000a2000000|  0%| F|  |TAMS 0x00000000a1f00000, 0x00000000a1f00000| Untracked 
| 544|0x00000000a2000000, 0x00000000a2000000, 0x00000000a2100000|  0%| F|  |TAMS 0x00000000a2000000, 0x00000000a2000000| Untracked 
| 545|0x00000000a2100000, 0x00000000a2100000, 0x00000000a2200000|  0%| F|  |TAMS 0x00000000a2100000, 0x00000000a2100000| Untracked 
| 546|0x00000000a2200000, 0x00000000a2200000, 0x00000000a2300000|  0%| F|  |TAMS 0x00000000a2200000, 0x00000000a2200000| Untracked 
| 547|0x00000000a2300000, 0x00000000a2300000, 0x00000000a2400000|  0%| F|  |TAMS 0x00000000a2300000, 0x00000000a2300000| Untracked 
| 548|0x00000000a2400000, 0x00000000a2400000, 0x00000000a2500000|  0%| F|  |TAMS 0x00000000a2400000, 0x00000000a2400000| Untracked 
| 549|0x00000000a2500000, 0x00000000a2500000, 0x00000000a2600000|  0%| F|  |TAMS 0x00000000a2500000, 0x00000000a2500000| Untracked 
| 550|0x00000000a2600000, 0x00000000a2600000, 0x00000000a2700000|  0%| F|  |TAMS 0x00000000a2600000, 0x00000000a2600000| Untracked 
| 551|0x00000000a2700000, 0x00000000a2700000, 0x00000000a2800000|  0%| F|  |TAMS 0x00000000a2700000, 0x00000000a2700000| Untracked 
| 552|0x00000000a2800000, 0x00000000a2800000, 0x00000000a2900000|  0%| F|  |TAMS 0x00000000a2800000, 0x00000000a2800000| Untracked 
| 553|0x00000000a2900000, 0x00000000a2900000, 0x00000000a2a00000|  0%| F|  |TAMS 0x00000000a2900000, 0x00000000a2900000| Untracked 
| 554|0x00000000a2a00000, 0x00000000a2a00000, 0x00000000a2b00000|  0%| F|  |TAMS 0x00000000a2a00000, 0x00000000a2a00000| Untracked 
| 555|0x00000000a2b00000, 0x00000000a2b00000, 0x00000000a2c00000|  0%| F|  |TAMS 0x00000000a2b00000, 0x00000000a2b00000| Untracked 
| 556|0x00000000a2c00000, 0x00000000a2c00000, 0x00000000a2d00000|  0%| F|  |TAMS 0x00000000a2c00000, 0x00000000a2c00000| Untracked 
| 557|0x00000000a2d00000, 0x00000000a2d00000, 0x00000000a2e00000|  0%| F|  |TAMS 0x00000000a2d00000, 0x00000000a2d00000| Untracked 
| 558|0x00000000a2e00000, 0x00000000a2e00000, 0x00000000a2f00000|  0%| F|  |TAMS 0x00000000a2e00000, 0x00000000a2e00000| Untracked 
| 559|0x00000000a2f00000, 0x00000000a2f00000, 0x00000000a3000000|  0%| F|  |TAMS 0x00000000a2f00000, 0x00000000a2f00000| Untracked 
| 560|0x00000000a3000000, 0x00000000a3000000, 0x00000000a3100000|  0%| F|  |TAMS 0x00000000a3000000, 0x00000000a3000000| Untracked 
| 561|0x00000000a3100000, 0x00000000a3100000, 0x00000000a3200000|  0%| F|  |TAMS 0x00000000a3100000, 0x00000000a3100000| Untracked 
| 562|0x00000000a3200000, 0x00000000a3200000, 0x00000000a3300000|  0%| F|  |TAMS 0x00000000a3200000, 0x00000000a3200000| Untracked 
| 563|0x00000000a3300000, 0x00000000a3300000, 0x00000000a3400000|  0%| F|  |TAMS 0x00000000a3300000, 0x00000000a3300000| Untracked 
| 564|0x00000000a3400000, 0x00000000a3400000, 0x00000000a3500000|  0%| F|  |TAMS 0x00000000a3400000, 0x00000000a3400000| Untracked 
| 565|0x00000000a3500000, 0x00000000a3500000, 0x00000000a3600000|  0%| F|  |TAMS 0x00000000a3500000, 0x00000000a3500000| Untracked 
| 566|0x00000000a3600000, 0x00000000a3600000, 0x00000000a3700000|  0%| F|  |TAMS 0x00000000a3600000, 0x00000000a3600000| Untracked 
| 567|0x00000000a3700000, 0x00000000a3700000, 0x00000000a3800000|  0%| F|  |TAMS 0x00000000a3700000, 0x00000000a3700000| Untracked 
| 568|0x00000000a3800000, 0x00000000a3800000, 0x00000000a3900000|  0%| F|  |TAMS 0x00000000a3800000, 0x00000000a3800000| Untracked 
| 569|0x00000000a3900000, 0x00000000a3900000, 0x00000000a3a00000|  0%| F|  |TAMS 0x00000000a3900000, 0x00000000a3900000| Untracked 
| 570|0x00000000a3a00000, 0x00000000a3a00000, 0x00000000a3b00000|  0%| F|  |TAMS 0x00000000a3a00000, 0x00000000a3a00000| Untracked 
| 571|0x00000000a3b00000, 0x00000000a3b00000, 0x00000000a3c00000|  0%| F|  |TAMS 0x00000000a3b00000, 0x00000000a3b00000| Untracked 
| 572|0x00000000a3c00000, 0x00000000a3c00000, 0x00000000a3d00000|  0%| F|  |TAMS 0x00000000a3c00000, 0x00000000a3c00000| Untracked 
| 573|0x00000000a3d00000, 0x00000000a3d00000, 0x00000000a3e00000|  0%| F|  |TAMS 0x00000000a3d00000, 0x00000000a3d00000| Untracked 
| 574|0x00000000a3e00000, 0x00000000a3e00000, 0x00000000a3f00000|  0%| F|  |TAMS 0x00000000a3e00000, 0x00000000a3e00000| Untracked 
| 575|0x00000000a3f00000, 0x00000000a3f00000, 0x00000000a4000000|  0%| F|  |TAMS 0x00000000a3f00000, 0x00000000a3f00000| Untracked 
| 576|0x00000000a4000000, 0x00000000a4000000, 0x00000000a4100000|  0%| F|  |TAMS 0x00000000a4000000, 0x00000000a4000000| Untracked 
| 577|0x00000000a4100000, 0x00000000a4100000, 0x00000000a4200000|  0%| F|  |TAMS 0x00000000a4100000, 0x00000000a4100000| Untracked 
| 578|0x00000000a4200000, 0x00000000a4200000, 0x00000000a4300000|  0%| F|  |TAMS 0x00000000a4200000, 0x00000000a4200000| Untracked 
| 579|0x00000000a4300000, 0x00000000a4300000, 0x00000000a4400000|  0%| F|  |TAMS 0x00000000a4300000, 0x00000000a4300000| Untracked 
| 580|0x00000000a4400000, 0x00000000a4400000, 0x00000000a4500000|  0%| F|  |TAMS 0x00000000a4400000, 0x00000000a4400000| Untracked 
| 581|0x00000000a4500000, 0x00000000a4500000, 0x00000000a4600000|  0%| F|  |TAMS 0x00000000a4500000, 0x00000000a4500000| Untracked 
| 582|0x00000000a4600000, 0x00000000a4600000, 0x00000000a4700000|  0%| F|  |TAMS 0x00000000a4600000, 0x00000000a4600000| Untracked 
| 583|0x00000000a4700000, 0x00000000a4700000, 0x00000000a4800000|  0%| F|  |TAMS 0x00000000a4700000, 0x00000000a4700000| Untracked 
| 584|0x00000000a4800000, 0x00000000a4800000, 0x00000000a4900000|  0%| F|  |TAMS 0x00000000a4800000, 0x00000000a4800000| Untracked 
| 585|0x00000000a4900000, 0x00000000a4900000, 0x00000000a4a00000|  0%| F|  |TAMS 0x00000000a4900000, 0x00000000a4900000| Untracked 
| 586|0x00000000a4a00000, 0x00000000a4a00000, 0x00000000a4b00000|  0%| F|  |TAMS 0x00000000a4a00000, 0x00000000a4a00000| Untracked 
| 587|0x00000000a4b00000, 0x00000000a4b00000, 0x00000000a4c00000|  0%| F|  |TAMS 0x00000000a4b00000, 0x00000000a4b00000| Untracked 
| 588|0x00000000a4c00000, 0x00000000a4c00000, 0x00000000a4d00000|  0%| F|  |TAMS 0x00000000a4c00000, 0x00000000a4c00000| Untracked 
| 589|0x00000000a4d00000, 0x00000000a4d00000, 0x00000000a4e00000|  0%| F|  |TAMS 0x00000000a4d00000, 0x00000000a4d00000| Untracked 
| 590|0x00000000a4e00000, 0x00000000a4e00000, 0x00000000a4f00000|  0%| F|  |TAMS 0x00000000a4e00000, 0x00000000a4e00000| Untracked 
| 591|0x00000000a4f00000, 0x00000000a4f00000, 0x00000000a5000000|  0%| F|  |TAMS 0x00000000a4f00000, 0x00000000a4f00000| Untracked 
| 592|0x00000000a5000000, 0x00000000a5000000, 0x00000000a5100000|  0%| F|  |TAMS 0x00000000a5000000, 0x00000000a5000000| Untracked 
| 593|0x00000000a5100000, 0x00000000a5100000, 0x00000000a5200000|  0%| F|  |TAMS 0x00000000a5100000, 0x00000000a5100000| Untracked 
| 594|0x00000000a5200000, 0x00000000a5200000, 0x00000000a5300000|  0%| F|  |TAMS 0x00000000a5200000, 0x00000000a5200000| Untracked 
| 595|0x00000000a5300000, 0x00000000a5300000, 0x00000000a5400000|  0%| F|  |TAMS 0x00000000a5300000, 0x00000000a5300000| Untracked 
| 596|0x00000000a5400000, 0x00000000a5400000, 0x00000000a5500000|  0%| F|  |TAMS 0x00000000a5400000, 0x00000000a5400000| Untracked 
| 597|0x00000000a5500000, 0x00000000a5500000, 0x00000000a5600000|  0%| F|  |TAMS 0x00000000a5500000, 0x00000000a5500000| Untracked 
| 598|0x00000000a5600000, 0x00000000a5600000, 0x00000000a5700000|  0%| F|  |TAMS 0x00000000a5600000, 0x00000000a5600000| Untracked 
| 599|0x00000000a5700000, 0x00000000a5700000, 0x00000000a5800000|  0%| F|  |TAMS 0x00000000a5700000, 0x00000000a5700000| Untracked 
| 600|0x00000000a5800000, 0x00000000a5800000, 0x00000000a5900000|  0%| F|  |TAMS 0x00000000a5800000, 0x00000000a5800000| Untracked 
| 601|0x00000000a5900000, 0x00000000a5900000, 0x00000000a5a00000|  0%| F|  |TAMS 0x00000000a5900000, 0x00000000a5900000| Untracked 
| 602|0x00000000a5a00000, 0x00000000a5a00000, 0x00000000a5b00000|  0%| F|  |TAMS 0x00000000a5a00000, 0x00000000a5a00000| Untracked 
| 603|0x00000000a5b00000, 0x00000000a5b00000, 0x00000000a5c00000|  0%| F|  |TAMS 0x00000000a5b00000, 0x00000000a5b00000| Untracked 
| 604|0x00000000a5c00000, 0x00000000a5c00000, 0x00000000a5d00000|  0%| F|  |TAMS 0x00000000a5c00000, 0x00000000a5c00000| Untracked 
| 605|0x00000000a5d00000, 0x00000000a5d00000, 0x00000000a5e00000|  0%| F|  |TAMS 0x00000000a5d00000, 0x00000000a5d00000| Untracked 
| 606|0x00000000a5e00000, 0x00000000a5e00000, 0x00000000a5f00000|  0%| F|  |TAMS 0x00000000a5e00000, 0x00000000a5e00000| Untracked 
| 607|0x00000000a5f00000, 0x00000000a5f00000, 0x00000000a6000000|  0%| F|  |TAMS 0x00000000a5f00000, 0x00000000a5f00000| Untracked 
| 608|0x00000000a6000000, 0x00000000a6000000, 0x00000000a6100000|  0%| F|  |TAMS 0x00000000a6000000, 0x00000000a6000000| Untracked 
| 609|0x00000000a6100000, 0x00000000a6100000, 0x00000000a6200000|  0%| F|  |TAMS 0x00000000a6100000, 0x00000000a6100000| Untracked 
| 610|0x00000000a6200000, 0x00000000a6200000, 0x00000000a6300000|  0%| F|  |TAMS 0x00000000a6200000, 0x00000000a6200000| Untracked 
| 611|0x00000000a6300000, 0x00000000a6300000, 0x00000000a6400000|  0%| F|  |TAMS 0x00000000a6300000, 0x00000000a6300000| Untracked 
| 612|0x00000000a6400000, 0x00000000a6400000, 0x00000000a6500000|  0%| F|  |TAMS 0x00000000a6400000, 0x00000000a6400000| Untracked 
| 613|0x00000000a6500000, 0x00000000a6500000, 0x00000000a6600000|  0%| F|  |TAMS 0x00000000a6500000, 0x00000000a6500000| Untracked 
| 614|0x00000000a6600000, 0x00000000a6600000, 0x00000000a6700000|  0%| F|  |TAMS 0x00000000a6600000, 0x00000000a6600000| Untracked 
| 615|0x00000000a6700000, 0x00000000a6700000, 0x00000000a6800000|  0%| F|  |TAMS 0x00000000a6700000, 0x00000000a6700000| Untracked 
| 616|0x00000000a6800000, 0x00000000a6800000, 0x00000000a6900000|  0%| F|  |TAMS 0x00000000a6800000, 0x00000000a6800000| Untracked 
| 617|0x00000000a6900000, 0x00000000a6900000, 0x00000000a6a00000|  0%| F|  |TAMS 0x00000000a6900000, 0x00000000a6900000| Untracked 
| 618|0x00000000a6a00000, 0x00000000a6a00000, 0x00000000a6b00000|  0%| F|  |TAMS 0x00000000a6a00000, 0x00000000a6a00000| Untracked 
| 619|0x00000000a6b00000, 0x00000000a6b00000, 0x00000000a6c00000|  0%| F|  |TAMS 0x00000000a6b00000, 0x00000000a6b00000| Untracked 
| 620|0x00000000a6c00000, 0x00000000a6c00000, 0x00000000a6d00000|  0%| F|  |TAMS 0x00000000a6c00000, 0x00000000a6c00000| Untracked 
| 621|0x00000000a6d00000, 0x00000000a6d00000, 0x00000000a6e00000|  0%| F|  |TAMS 0x00000000a6d00000, 0x00000000a6d00000| Untracked 
| 622|0x00000000a6e00000, 0x00000000a6e00000, 0x00000000a6f00000|  0%| F|  |TAMS 0x00000000a6e00000, 0x00000000a6e00000| Untracked 
| 623|0x00000000a6f00000, 0x00000000a6f00000, 0x00000000a7000000|  0%| F|  |TAMS 0x00000000a6f00000, 0x00000000a6f00000| Untracked 
| 624|0x00000000a7000000, 0x00000000a7000000, 0x00000000a7100000|  0%| F|  |TAMS 0x00000000a7000000, 0x00000000a7000000| Untracked 
| 625|0x00000000a7100000, 0x00000000a7100000, 0x00000000a7200000|  0%| F|  |TAMS 0x00000000a7100000, 0x00000000a7100000| Untracked 
| 626|0x00000000a7200000, 0x00000000a7200000, 0x00000000a7300000|  0%| F|  |TAMS 0x00000000a7200000, 0x00000000a7200000| Untracked 
| 627|0x00000000a7300000, 0x00000000a7300000, 0x00000000a7400000|  0%| F|  |TAMS 0x00000000a7300000, 0x00000000a7300000| Untracked 
| 628|0x00000000a7400000, 0x00000000a7400000, 0x00000000a7500000|  0%| F|  |TAMS 0x00000000a7400000, 0x00000000a7400000| Untracked 
| 629|0x00000000a7500000, 0x00000000a7500000, 0x00000000a7600000|  0%| F|  |TAMS 0x00000000a7500000, 0x00000000a7500000| Untracked 
| 630|0x00000000a7600000, 0x00000000a7600000, 0x00000000a7700000|  0%| F|  |TAMS 0x00000000a7600000, 0x00000000a7600000| Untracked 
| 631|0x00000000a7700000, 0x00000000a7700000, 0x00000000a7800000|  0%| F|  |TAMS 0x00000000a7700000, 0x00000000a7700000| Untracked 
| 632|0x00000000a7800000, 0x00000000a7800000, 0x00000000a7900000|  0%| F|  |TAMS 0x00000000a7800000, 0x00000000a7800000| Untracked 
| 633|0x00000000a7900000, 0x00000000a7900000, 0x00000000a7a00000|  0%| F|  |TAMS 0x00000000a7900000, 0x00000000a7900000| Untracked 
| 634|0x00000000a7a00000, 0x00000000a7a00000, 0x00000000a7b00000|  0%| F|  |TAMS 0x00000000a7a00000, 0x00000000a7a00000| Untracked 
| 635|0x00000000a7b00000, 0x00000000a7b00000, 0x00000000a7c00000|  0%| F|  |TAMS 0x00000000a7b00000, 0x00000000a7b00000| Untracked 
| 636|0x00000000a7c00000, 0x00000000a7c00000, 0x00000000a7d00000|  0%| F|  |TAMS 0x00000000a7c00000, 0x00000000a7c00000| Untracked 
| 637|0x00000000a7d00000, 0x00000000a7d00000, 0x00000000a7e00000|  0%| F|  |TAMS 0x00000000a7d00000, 0x00000000a7d00000| Untracked 
| 638|0x00000000a7e00000, 0x00000000a7e00000, 0x00000000a7f00000|  0%| F|  |TAMS 0x00000000a7e00000, 0x00000000a7e00000| Untracked 
| 639|0x00000000a7f00000, 0x00000000a7f00000, 0x00000000a8000000|  0%| F|  |TAMS 0x00000000a7f00000, 0x00000000a7f00000| Untracked 
| 640|0x00000000a8000000, 0x00000000a8000000, 0x00000000a8100000|  0%| F|  |TAMS 0x00000000a8000000, 0x00000000a8000000| Untracked 
| 641|0x00000000a8100000, 0x00000000a8100000, 0x00000000a8200000|  0%| F|  |TAMS 0x00000000a8100000, 0x00000000a8100000| Untracked 
| 642|0x00000000a8200000, 0x00000000a8200000, 0x00000000a8300000|  0%| F|  |TAMS 0x00000000a8200000, 0x00000000a8200000| Untracked 
| 643|0x00000000a8300000, 0x00000000a8300000, 0x00000000a8400000|  0%| F|  |TAMS 0x00000000a8300000, 0x00000000a8300000| Untracked 
| 644|0x00000000a8400000, 0x00000000a842f660, 0x00000000a8500000| 18%| S|CS|TAMS 0x00000000a8400000, 0x00000000a8400000| Complete 
| 645|0x00000000a8500000, 0x00000000a8500000, 0x00000000a8600000|  0%| F|  |TAMS 0x00000000a8500000, 0x00000000a8500000| Untracked 
| 646|0x00000000a8600000, 0x00000000a8600000, 0x00000000a8700000|  0%| F|  |TAMS 0x00000000a8600000, 0x00000000a8600000| Untracked 
| 647|0x00000000a8700000, 0x00000000a8700000, 0x00000000a8800000|  0%| F|  |TAMS 0x00000000a8700000, 0x00000000a8700000| Untracked 
| 648|0x00000000a8800000, 0x00000000a8900000, 0x00000000a8900000|100%| S|CS|TAMS 0x00000000a8800000, 0x00000000a8800000| Complete 
| 649|0x00000000a8900000, 0x00000000a8a00000, 0x00000000a8a00000|100%| S|CS|TAMS 0x00000000a8900000, 0x00000000a8900000| Complete 
| 650|0x00000000a8a00000, 0x00000000a8b00000, 0x00000000a8b00000|100%| S|CS|TAMS 0x00000000a8a00000, 0x00000000a8a00000| Complete 
| 651|0x00000000a8b00000, 0x00000000a8b00000, 0x00000000a8c00000|  0%| F|  |TAMS 0x00000000a8b00000, 0x00000000a8b00000| Untracked 
| 652|0x00000000a8c00000, 0x00000000a8c00000, 0x00000000a8d00000|  0%| F|  |TAMS 0x00000000a8c00000, 0x00000000a8c00000| Untracked 
| 653|0x00000000a8d00000, 0x00000000a8d00000, 0x00000000a8e00000|  0%| F|  |TAMS 0x00000000a8d00000, 0x00000000a8d00000| Untracked 
| 654|0x00000000a8e00000, 0x00000000a8e00000, 0x00000000a8f00000|  0%| F|  |TAMS 0x00000000a8e00000, 0x00000000a8e00000| Untracked 
| 655|0x00000000a8f00000, 0x00000000a8f00000, 0x00000000a9000000|  0%| F|  |TAMS 0x00000000a8f00000, 0x00000000a8f00000| Untracked 
| 656|0x00000000a9000000, 0x00000000a9000000, 0x00000000a9100000|  0%| F|  |TAMS 0x00000000a9000000, 0x00000000a9000000| Untracked 
| 657|0x00000000a9100000, 0x00000000a9100000, 0x00000000a9200000|  0%| F|  |TAMS 0x00000000a9100000, 0x00000000a9100000| Untracked 
| 658|0x00000000a9200000, 0x00000000a9200000, 0x00000000a9300000|  0%| F|  |TAMS 0x00000000a9200000, 0x00000000a9200000| Untracked 
| 659|0x00000000a9300000, 0x00000000a9300000, 0x00000000a9400000|  0%| F|  |TAMS 0x00000000a9300000, 0x00000000a9300000| Untracked 
| 660|0x00000000a9400000, 0x00000000a9400000, 0x00000000a9500000|  0%| F|  |TAMS 0x00000000a9400000, 0x00000000a9400000| Untracked 
| 661|0x00000000a9500000, 0x00000000a9500000, 0x00000000a9600000|  0%| F|  |TAMS 0x00000000a9500000, 0x00000000a9500000| Untracked 
| 662|0x00000000a9600000, 0x00000000a9600000, 0x00000000a9700000|  0%| F|  |TAMS 0x00000000a9600000, 0x00000000a9600000| Untracked 
| 663|0x00000000a9700000, 0x00000000a9700000, 0x00000000a9800000|  0%| F|  |TAMS 0x00000000a9700000, 0x00000000a9700000| Untracked 
| 664|0x00000000a9800000, 0x00000000a9800000, 0x00000000a9900000|  0%| F|  |TAMS 0x00000000a9800000, 0x00000000a9800000| Untracked 
| 665|0x00000000a9900000, 0x00000000a9900000, 0x00000000a9a00000|  0%| F|  |TAMS 0x00000000a9900000, 0x00000000a9900000| Untracked 
| 666|0x00000000a9a00000, 0x00000000a9a00000, 0x00000000a9b00000|  0%| F|  |TAMS 0x00000000a9a00000, 0x00000000a9a00000| Untracked 
| 667|0x00000000a9b00000, 0x00000000a9b00000, 0x00000000a9c00000|  0%| F|  |TAMS 0x00000000a9b00000, 0x00000000a9b00000| Untracked 
| 668|0x00000000a9c00000, 0x00000000a9c00000, 0x00000000a9d00000|  0%| F|  |TAMS 0x00000000a9c00000, 0x00000000a9c00000| Untracked 
| 669|0x00000000a9d00000, 0x00000000a9d00000, 0x00000000a9e00000|  0%| F|  |TAMS 0x00000000a9d00000, 0x00000000a9d00000| Untracked 
| 670|0x00000000a9e00000, 0x00000000a9e00000, 0x00000000a9f00000|  0%| F|  |TAMS 0x00000000a9e00000, 0x00000000a9e00000| Untracked 
| 671|0x00000000a9f00000, 0x00000000a9f00000, 0x00000000aa000000|  0%| F|  |TAMS 0x00000000a9f00000, 0x00000000a9f00000| Untracked 
| 672|0x00000000aa000000, 0x00000000aa000000, 0x00000000aa100000|  0%| F|  |TAMS 0x00000000aa000000, 0x00000000aa000000| Untracked 
| 673|0x00000000aa100000, 0x00000000aa100000, 0x00000000aa200000|  0%| F|  |TAMS 0x00000000aa100000, 0x00000000aa100000| Untracked 
| 674|0x00000000aa200000, 0x00000000aa200000, 0x00000000aa300000|  0%| F|  |TAMS 0x00000000aa200000, 0x00000000aa200000| Untracked 
| 675|0x00000000aa300000, 0x00000000aa300000, 0x00000000aa400000|  0%| F|  |TAMS 0x00000000aa300000, 0x00000000aa300000| Untracked 
| 676|0x00000000aa400000, 0x00000000aa400000, 0x00000000aa500000|  0%| F|  |TAMS 0x00000000aa400000, 0x00000000aa400000| Untracked 
| 677|0x00000000aa500000, 0x00000000aa500000, 0x00000000aa600000|  0%| F|  |TAMS 0x00000000aa500000, 0x00000000aa500000| Untracked 
| 678|0x00000000aa600000, 0x00000000aa600000, 0x00000000aa700000|  0%| F|  |TAMS 0x00000000aa600000, 0x00000000aa600000| Untracked 
| 679|0x00000000aa700000, 0x00000000aa700000, 0x00000000aa800000|  0%| F|  |TAMS 0x00000000aa700000, 0x00000000aa700000| Untracked 
| 680|0x00000000aa800000, 0x00000000aa800000, 0x00000000aa900000|  0%| F|  |TAMS 0x00000000aa800000, 0x00000000aa800000| Untracked 
| 681|0x00000000aa900000, 0x00000000aa900000, 0x00000000aaa00000|  0%| F|  |TAMS 0x00000000aa900000, 0x00000000aa900000| Untracked 

Card table byte_map: [0x000001b4b0e10000,0x000001b4b1210000] _byte_map_base: 0x000001b4b0a10000

Marking Bits (Prev, Next): (CMBitMap*) 0x000001b4993458f0, (CMBitMap*) 0x000001b499345930
 Prev Bits: [0x000001b4b1610000, 0x000001b4b3610000)
 Next Bits: [0x000001b4b3610000, 0x000001b4b5610000)

Polling page: 0x000001b497ab0000

Metaspace:

Usage:
  Non-class:    107.13 MB used.
      Class:     16.77 MB used.
       Both:    123.90 MB used.

Virtual space:
  Non-class space:      128.00 MB reserved,     108.31 MB ( 85%) committed,  2 nodes.
      Class space:      416.00 MB reserved,      17.88 MB (  4%) committed,  1 nodes.
             Both:      544.00 MB reserved,     126.19 MB ( 23%) committed. 

Chunk freelists:
   Non-Class:  3.54 MB
       Class:  14.14 MB
        Both:  17.68 MB

MaxMetaspaceSize: 512.00 MB
CompressedClassSpaceSize: 416.00 MB
Initial GC threshold: 21.00 MB
Current GC threshold: 210.31 MB
CDS: on
MetaspaceReclaimPolicy: balanced
 - commit_granule_bytes: 65536.
 - commit_granule_words: 8192.
 - virtual_space_node_default_size: 8388608.
 - enlarge_chunks_in_place: 1.
 - new_chunks_are_fully_committed: 0.
 - uncommit_free_chunks: 1.
 - use_allocation_guard: 0.
 - handle_deallocations: 1.


Internal statistics:

num_allocs_failed_limit: 6.
num_arena_births: 3520.
num_arena_deaths: 298.
num_vsnodes_births: 3.
num_vsnodes_deaths: 0.
num_space_committed: 2018.
num_space_uncommitted: 0.
num_chunks_returned_to_freelist: 343.
num_chunks_taken_from_freelist: 9947.
num_chunk_merges: 127.
num_chunk_splits: 5837.
num_chunks_enlarged: 3011.
num_inconsistent_stats: 0.

CodeHeap 'non-profiled nmethods': size=120000Kb used=20156Kb max_used=20156Kb free=99843Kb
 bounds [0x000001b4a8740000, 0x000001b4a9af0000, 0x000001b4afc70000]
CodeHeap 'profiled nmethods': size=120000Kb used=42037Kb max_used=42037Kb free=77963Kb
 bounds [0x000001b4a0c70000, 0x000001b4a3580000, 0x000001b4a81a0000]
CodeHeap 'non-nmethods': size=5760Kb used=2493Kb max_used=2598Kb free=3266Kb
 bounds [0x000001b4a81a0000, 0x000001b4a8430000, 0x000001b4a8740000]
 total_blobs=22508 nmethods=21464 adapters=955
 compilation: enabled
              stopped_count=0, restarted_count=0
 full_count=0

Compilation events (20 events):
Event: 5568.084 Thread 0x000001b4b8493730 26424       3       org.gradle.internal.execution.steps.SkipUpToDateStep$$Lambda$1836/0x000001b4baa836d0::test (12 bytes)
Event: 5568.084 Thread 0x000001b4b8493730 nmethod 26424 0x000001b4a357a690 code [0x000001b4a357a840, 0x000001b4a357ab88]
Event: 5568.084 Thread 0x000001b4b8493730 26425       3       org.gradle.internal.execution.steps.SkipUpToDateStep::lambda$execute$0 (5 bytes)
Event: 5568.084 Thread 0x000001b4b8493730 nmethod 26425 0x000001b4a357ac90 code [0x000001b4a357ae40, 0x000001b4a357afe8]
Event: 5568.084 Thread 0x000001b4b8491e10 26426       4       org.gradle.internal.snapshot.MissingFileSnapshot::getType (4 bytes)
Event: 5568.085 Thread 0x000001b4b8491e10 nmethod 26426 0x000001b4a9aeed10 code [0x000001b4a9aeee80, 0x000001b4a9aeeef8]
Event: 5568.086 Thread 0x000001b4b8493730 26427       3       org.gradle.internal.execution.caching.impl.DefaultCachingStateFactory::createCachingState (44 bytes)
Event: 5568.086 Thread 0x000001b4b8493730 nmethod 26427 0x000001b4a357b090 code [0x000001b4a357b300, 0x000001b4a357bde8]
Event: 5568.086 Thread 0x000001b4b8493730 26428       3       org.gradle.internal.execution.caching.impl.DefaultCachingStateFactory$$Lambda$1831/0x000001b4baa81a38::<init> (10 bytes)
Event: 5568.087 Thread 0x000001b4b8493730 nmethod 26428 0x000001b4a357c190 code [0x000001b4a357c320, 0x000001b4a357c4d8]
Event: 5568.087 Thread 0x000001b4b8493730 26429       3       org.gradle.internal.execution.steps.IncrementalChangesContext::<init> (21 bytes)
Event: 5568.087 Thread 0x000001b4b8493730 nmethod 26429 0x000001b4a357c590 code [0x000001b4a357c820, 0x000001b4a357da48]
Event: 5568.087 Thread 0x000001b4b8493730 26430       3       org.jetbrains.kotlin.gradle.tasks.KotlinCompile_Decorated::getDestinationDirectory (44 bytes)
Event: 5568.087 Thread 0x000001b4b8493730 nmethod 26430 0x000001b4a357e010 code [0x000001b4a357e240, 0x000001b4a357ebb8]
Event: 5568.090 Thread 0x000001b4b8493730 26431       3       org.gradle.api.internal.provider.DefaultSetProperty$$Lambda$1348/0x000001b4ba901de0::get (4 bytes)
Event: 5568.090 Thread 0x000001b4b8491e10 26432       4       com.android.build.gradle.internal.dsl.decorator.LockableSet$LockableIterator::hasNext (10 bytes)
Event: 5568.090 Thread 0x000001b4b8493730 nmethod 26431 0x000001b4a357ef10 code [0x000001b4a357f0c0, 0x000001b4a357f328]
Event: 5568.090 Thread 0x000001b4b8493730 26433       3       com.google.common.collect.ImmutableSet$Builder::build (5 bytes)
Event: 5568.090 Thread 0x000001b4b8493730 nmethod 26433 0x000001b4a357f410 code [0x000001b4a357f5c0, 0x000001b4a357f788]
Event: 5568.090 Thread 0x000001b4b8491e10 nmethod 26432 0x000001b4a9aef010 code [0x000001b4a9aef180, 0x000001b4a9aef238]

GC Heap History (20 events):
Event: 5565.980 GC heap after
{Heap after GC invocations=123 (full 0):
 garbage-first heap   total 486400K, used 409244K [0x0000000080000000, 0x0000000100000000)
  region size 1024K, 3 young (3072K), 3 survivors (3072K)
 Metaspace       used 126775K, committed 129088K, reserved 557056K
  class space    used 17231K, committed 18304K, reserved 425984K
}
Event: 5566.066 GC heap before
{Heap before GC invocations=123 (full 0):
 garbage-first heap   total 486400K, used 429724K [0x0000000080000000, 0x0000000100000000)
  region size 1024K, 23 young (23552K), 3 survivors (3072K)
 Metaspace       used 126784K, committed 129088K, reserved 557056K
  class space    used 17231K, committed 18304K, reserved 425984K
}
Event: 5566.069 GC heap after
{Heap after GC invocations=124 (full 0):
 garbage-first heap   total 486400K, used 412282K [0x0000000080000000, 0x0000000100000000)
  region size 1024K, 3 young (3072K), 3 survivors (3072K)
 Metaspace       used 126784K, committed 129088K, reserved 557056K
  class space    used 17231K, committed 18304K, reserved 425984K
}
Event: 5566.159 GC heap before
{Heap before GC invocations=124 (full 0):
 garbage-first heap   total 486400K, used 432762K [0x0000000080000000, 0x0000000100000000)
  region size 1024K, 23 young (23552K), 3 survivors (3072K)
 Metaspace       used 126815K, committed 129088K, reserved 557056K
  class space    used 17231K, committed 18304K, reserved 425984K
}
Event: 5566.162 GC heap after
{Heap after GC invocations=125 (full 0):
 garbage-first heap   total 486400K, used 416347K [0x0000000080000000, 0x0000000100000000)
  region size 1024K, 3 young (3072K), 3 survivors (3072K)
 Metaspace       used 126815K, committed 129088K, reserved 557056K
  class space    used 17231K, committed 18304K, reserved 425984K
}
Event: 5566.242 GC heap before
{Heap before GC invocations=125 (full 0):
 garbage-first heap   total 486400K, used 435803K [0x0000000080000000, 0x0000000100000000)
  region size 1024K, 23 young (23552K), 3 survivors (3072K)
 Metaspace       used 126883K, committed 129152K, reserved 557056K
  class space    used 17237K, committed 18304K, reserved 425984K
}
Event: 5566.257 GC heap after
{Heap after GC invocations=126 (full 0):
 garbage-first heap   total 486400K, used 419491K [0x0000000080000000, 0x0000000100000000)
  region size 1024K, 3 young (3072K), 3 survivors (3072K)
 Metaspace       used 126883K, committed 129152K, reserved 557056K
  class space    used 17237K, committed 18304K, reserved 425984K
}
Event: 5566.399 GC heap before
{Heap before GC invocations=126 (full 0):
 garbage-first heap   total 486400K, used 438947K [0x0000000080000000, 0x0000000100000000)
  region size 1024K, 23 young (23552K), 3 survivors (3072K)
 Metaspace       used 126919K, committed 129216K, reserved 557056K
  class space    used 17237K, committed 18304K, reserved 425984K
}
Event: 5566.404 GC heap after
{Heap after GC invocations=127 (full 0):
 garbage-first heap   total 486400K, used 421741K [0x0000000080000000, 0x0000000100000000)
  region size 1024K, 3 young (3072K), 3 survivors (3072K)
 Metaspace       used 126919K, committed 129216K, reserved 557056K
  class space    used 17237K, committed 18304K, reserved 425984K
}
Event: 5566.519 GC heap before
{Heap before GC invocations=127 (full 0):
 garbage-first heap   total 486400K, used 442221K [0x0000000080000000, 0x0000000100000000)
  region size 1024K, 23 young (23552K), 3 survivors (3072K)
 Metaspace       used 126957K, committed 129216K, reserved 557056K
  class space    used 17237K, committed 18304K, reserved 425984K
}
Event: 5566.524 GC heap after
{Heap after GC invocations=128 (full 0):
 garbage-first heap   total 486400K, used 426078K [0x0000000080000000, 0x0000000100000000)
  region size 1024K, 3 young (3072K), 3 survivors (3072K)
 Metaspace       used 126957K, committed 129216K, reserved 557056K
  class space    used 17237K, committed 18304K, reserved 425984K
}
Event: 5566.722 GC heap before
{Heap before GC invocations=128 (full 0):
 garbage-first heap   total 698368K, used 433246K [0x0000000080000000, 0x0000000100000000)
  region size 1024K, 23 young (23552K), 3 survivors (3072K)
 Metaspace       used 126632K, committed 129216K, reserved 557056K
  class space    used 17157K, committed 18304K, reserved 425984K
}
Event: 5566.726 GC heap after
{Heap after GC invocations=129 (full 0):
 garbage-first heap   total 698368K, used 416190K [0x0000000080000000, 0x0000000100000000)
  region size 1024K, 3 young (3072K), 3 survivors (3072K)
 Metaspace       used 126632K, committed 129216K, reserved 557056K
  class space    used 17157K, committed 18304K, reserved 425984K
}
Event: 5567.709 GC heap before
{Heap before GC invocations=130 (full 0):
 garbage-first heap   total 698368K, used 588222K [0x0000000080000000, 0x0000000100000000)
  region size 1024K, 171 young (175104K), 3 survivors (3072K)
 Metaspace       used 126793K, committed 129216K, reserved 557056K
  class space    used 17161K, committed 18304K, reserved 425984K
}
Event: 5567.720 GC heap after
{Heap after GC invocations=131 (full 0):
 garbage-first heap   total 698368K, used 438827K [0x0000000080000000, 0x0000000100000000)
  region size 1024K, 22 young (22528K), 22 survivors (22528K)
 Metaspace       used 126793K, committed 129216K, reserved 557056K
  class space    used 17161K, committed 18304K, reserved 425984K
}
Event: 5567.787 GC heap before
{Heap before GC invocations=131 (full 0):
 garbage-first heap   total 698368K, used 450091K [0x0000000080000000, 0x0000000100000000)
  region size 1024K, 34 young (34816K), 22 survivors (22528K)
 Metaspace       used 126802K, committed 129216K, reserved 557056K
  class space    used 17162K, committed 18304K, reserved 425984K
}
Event: 5567.795 GC heap after
{Heap after GC invocations=132 (full 0):
 garbage-first heap   total 698368K, used 373395K [0x0000000080000000, 0x0000000100000000)
  region size 1024K, 4 young (4096K), 4 survivors (4096K)
 Metaspace       used 126802K, committed 129216K, reserved 557056K
  class space    used 17162K, committed 18304K, reserved 425984K
}
Event: 5567.963 GC heap before
{Heap before GC invocations=132 (full 0):
 garbage-first heap   total 698368K, used 404115K [0x0000000080000000, 0x0000000100000000)
  region size 1024K, 34 young (34816K), 4 survivors (4096K)
 Metaspace       used 126845K, committed 129216K, reserved 557056K
  class space    used 17169K, committed 18304K, reserved 425984K
}
Event: 5567.978 GC heap after
{Heap after GC invocations=133 (full 0):
 garbage-first heap   total 698368K, used 319650K [0x0000000080000000, 0x0000000100000000)
  region size 1024K, 3 young (3072K), 3 survivors (3072K)
 Metaspace       used 126845K, committed 129216K, reserved 557056K
  class space    used 17169K, committed 18304K, reserved 425984K
}
Event: 5568.105 GC heap before
{Heap before GC invocations=133 (full 0):
 garbage-first heap   total 698368K, used 350370K [0x0000000080000000, 0x0000000100000000)
  region size 1024K, 34 young (34816K), 3 survivors (3072K)
 Metaspace       used 126870K, committed 129216K, reserved 557056K
  class space    used 17173K, committed 18304K, reserved 425984K
}

Deoptimization events (20 events):
Event: 5567.196 Thread 0x000001b4e754ae50 DEOPT PACKING pc=0x000001b4a9a50130 sp=0x0000002f8f9f8ea0
Event: 5567.196 Thread 0x000001b4e754ae50 DEOPT UNPACKING pc=0x000001b4a81f23a3 sp=0x0000002f8f9f8d88 mode 2
Event: 5567.196 Thread 0x000001b4e754ae50 Uncommon trap: trap_request=0xffffffbe fr.pc=0x000001b4a9a50130 relative=0x0000000000002c70
Event: 5567.196 Thread 0x000001b4e754ae50 Uncommon trap: reason=profile_predicate action=maybe_recompile pc=0x000001b4a9a50130 method=java.util.AbstractSet.hashCode()I @ 13 c2
Event: 5567.196 Thread 0x000001b4e754ae50 DEOPT PACKING pc=0x000001b4a9a50130 sp=0x0000002f8f9f8ea0
Event: 5567.196 Thread 0x000001b4e754ae50 DEOPT UNPACKING pc=0x000001b4a81f23a3 sp=0x0000002f8f9f8d88 mode 2
Event: 5567.196 Thread 0x000001b4e754ae50 Uncommon trap: trap_request=0xffffffbe fr.pc=0x000001b4a9a50130 relative=0x0000000000002c70
Event: 5567.196 Thread 0x000001b4e754ae50 Uncommon trap: reason=profile_predicate action=maybe_recompile pc=0x000001b4a9a50130 method=java.util.AbstractSet.hashCode()I @ 13 c2
Event: 5567.196 Thread 0x000001b4e754ae50 DEOPT PACKING pc=0x000001b4a9a50130 sp=0x0000002f8f9f8ea0
Event: 5567.196 Thread 0x000001b4e754ae50 DEOPT UNPACKING pc=0x000001b4a81f23a3 sp=0x0000002f8f9f8d88 mode 2
Event: 5567.196 Thread 0x000001b4e754ae50 Uncommon trap: trap_request=0xffffffbe fr.pc=0x000001b4a9a50130 relative=0x0000000000002c70
Event: 5567.196 Thread 0x000001b4e754ae50 Uncommon trap: reason=profile_predicate action=maybe_recompile pc=0x000001b4a9a50130 method=java.util.AbstractSet.hashCode()I @ 13 c2
Event: 5567.196 Thread 0x000001b4e754ae50 DEOPT PACKING pc=0x000001b4a9a50130 sp=0x0000002f8f9f8ea0
Event: 5567.196 Thread 0x000001b4e754ae50 DEOPT UNPACKING pc=0x000001b4a81f23a3 sp=0x0000002f8f9f8d88 mode 2
Event: 5567.348 Thread 0x000001b4e754ae50 Uncommon trap: trap_request=0xffffff6e fr.pc=0x000001b4a9a7bde8 relative=0x00000000000000e8
Event: 5567.348 Thread 0x000001b4e754ae50 Uncommon trap: reason=loop_limit_check action=maybe_recompile pc=0x000001b4a9a7bde8 method=java.util.BitSet.recalculateWordsInUse()V @ 8 c2
Event: 5567.348 Thread 0x000001b4e754ae50 DEOPT PACKING pc=0x000001b4a9a7bde8 sp=0x0000002f8f9fa190
Event: 5567.348 Thread 0x000001b4e754ae50 DEOPT UNPACKING pc=0x000001b4a81f23a3 sp=0x0000002f8f9fa120 mode 2
Event: 5567.985 Thread 0x000001b4e754eb10 DEOPT PACKING pc=0x000001b4a27e4328 sp=0x0000002f938fc660
Event: 5567.985 Thread 0x000001b4e754eb10 DEOPT UNPACKING pc=0x000001b4a81f2b43 sp=0x0000002f938fbb00 mode 0

Classes unloaded (20 events):
Event: 5566.561 Thread 0x000001b4b84682e0 Unloading class 0x000001b4ba1e2800 'java/lang/invoke/LambdaForm$MH+0x000001b4ba1e2800'
Event: 5566.561 Thread 0x000001b4b84682e0 Unloading class 0x000001b4ba1e2400 'java/lang/invoke/LambdaForm$MH+0x000001b4ba1e2400'
Event: 5566.561 Thread 0x000001b4b84682e0 Unloading class 0x000001b4ba1e2000 'java/lang/invoke/LambdaForm$MH+0x000001b4ba1e2000'
Event: 5566.561 Thread 0x000001b4b84682e0 Unloading class 0x000001b4ba1e1c00 'java/lang/invoke/LambdaForm$MH+0x000001b4ba1e1c00'
Event: 5566.561 Thread 0x000001b4b84682e0 Unloading class 0x000001b4ba1e1800 'java/lang/invoke/LambdaForm$MH+0x000001b4ba1e1800'
Event: 5566.561 Thread 0x000001b4b84682e0 Unloading class 0x000001b4ba1e1400 'java/lang/invoke/LambdaForm$MH+0x000001b4ba1e1400'
Event: 5566.561 Thread 0x000001b4b84682e0 Unloading class 0x000001b4ba1e0400 'java/lang/invoke/LambdaForm$MH+0x000001b4ba1e0400'
Event: 5566.561 Thread 0x000001b4b84682e0 Unloading class 0x000001b4ba1e0000 'java/lang/invoke/LambdaForm$BMH+0x000001b4ba1e0000'
Event: 5566.561 Thread 0x000001b4b84682e0 Unloading class 0x000001b4ba10c800 'java/lang/invoke/LambdaForm$DMH+0x000001b4ba10c800'
Event: 5566.561 Thread 0x000001b4b84682e0 Unloading class 0x000001b4ba10c000 'java/lang/invoke/LambdaForm$DMH+0x000001b4ba10c000'
Event: 5566.561 Thread 0x000001b4b84682e0 Unloading class 0x000001b4ba0e2000 'java/lang/invoke/LambdaForm$MH+0x000001b4ba0e2000'
Event: 5566.561 Thread 0x000001b4b84682e0 Unloading class 0x000001b4ba0e1800 'java/lang/invoke/LambdaForm$MH+0x000001b4ba0e1800'
Event: 5566.561 Thread 0x000001b4b84682e0 Unloading class 0x000001b4ba0e1400 'java/lang/invoke/LambdaForm$MH+0x000001b4ba0e1400'
Event: 5566.561 Thread 0x000001b4b84682e0 Unloading class 0x000001b4ba0e1000 'java/lang/invoke/LambdaForm$MH+0x000001b4ba0e1000'
Event: 5566.561 Thread 0x000001b4b84682e0 Unloading class 0x000001b4ba0e0c00 'java/lang/invoke/LambdaForm$MH+0x000001b4ba0e0c00'
Event: 5566.561 Thread 0x000001b4b84682e0 Unloading class 0x000001b4ba0e0400 'java/lang/invoke/LambdaForm$MH+0x000001b4ba0e0400'
Event: 5566.561 Thread 0x000001b4b84682e0 Unloading class 0x000001b4ba03c400 'java/lang/invoke/LambdaForm$DMH+0x000001b4ba03c400'
Event: 5566.561 Thread 0x000001b4b84682e0 Unloading class 0x000001b4ba036800 'java/lang/invoke/LambdaForm$MH+0x000001b4ba036800'
Event: 5566.561 Thread 0x000001b4b84682e0 Unloading class 0x000001b4ba036400 'java/lang/invoke/LambdaForm$MH+0x000001b4ba036400'
Event: 5566.561 Thread 0x000001b4b84682e0 Unloading class 0x000001b4ba034000 'java/lang/invoke/LambdaForm$MH+0x000001b4ba034000'

Classes redefined (0 events):
No events

Internal exceptions (20 events):
Event: 5567.572 Thread 0x000001b4e75522c0 Exception <a 'sun/nio/fs/WindowsException'{0x00000000a169c3f0}> (0x00000000a169c3f0) 
thrown [s\open\src\hotspot\share\prims\jni.cpp, line 516]
Event: 5567.577 Thread 0x000001b4e75522c0 Exception <a 'sun/nio/fs/WindowsException'{0x00000000a1530f80}> (0x00000000a1530f80) 
thrown [s\open\src\hotspot\share\prims\jni.cpp, line 516]
Event: 5567.582 Thread 0x000001b4e75522c0 Exception <a 'sun/nio/fs/WindowsException'{0x00000000a15b9588}> (0x00000000a15b9588) 
thrown [s\open\src\hotspot\share\prims\jni.cpp, line 516]
Event: 5567.587 Thread 0x000001b4e75522c0 Exception <a 'sun/nio/fs/WindowsException'{0x00000000a1442508}> (0x00000000a1442508) 
thrown [s\open\src\hotspot\share\prims\jni.cpp, line 516]
Event: 5568.006 Thread 0x000001b4e754eb10 Exception <a 'sun/nio/fs/WindowsException'{0x00000000aa27c9f8}> (0x00000000aa27c9f8) 
thrown [s\open\src\hotspot\share\prims\jni.cpp, line 516]
Event: 5568.010 Thread 0x000001b4e7551db0 Exception <a 'sun/nio/fs/WindowsException'{0x00000000aa2e30f8}> (0x00000000aa2e30f8) 
thrown [s\open\src\hotspot\share\prims\jni.cpp, line 516]
Event: 5568.014 Thread 0x000001b4e7551db0 Exception <a 'sun/nio/fs/WindowsException'{0x00000000aa14a768}> (0x00000000aa14a768) 
thrown [s\open\src\hotspot\share\prims\jni.cpp, line 516]
Event: 5568.019 Thread 0x000001b4e754ccb0 Exception <a 'sun/nio/fs/WindowsException'{0x00000000aa1ae588}> (0x00000000aa1ae588) 
thrown [s\open\src\hotspot\share\prims\jni.cpp, line 516]
Event: 5568.023 Thread 0x000001b4e754e0f0 Exception <a 'sun/nio/fs/WindowsException'{0x00000000aa00c818}> (0x00000000aa00c818) 
thrown [s\open\src\hotspot\share\prims\jni.cpp, line 516]
Event: 5568.027 Thread 0x000001b4e754e0f0 Exception <a 'sun/nio/fs/WindowsException'{0x00000000aa072180}> (0x00000000aa072180) 
thrown [s\open\src\hotspot\share\prims\jni.cpp, line 516]
Event: 5568.032 Thread 0x000001b4e7551db0 Exception <a 'sun/nio/fs/WindowsException'{0x00000000aa0d8e08}> (0x00000000aa0d8e08) 
thrown [s\open\src\hotspot\share\prims\jni.cpp, line 516]
Event: 5568.037 Thread 0x000001b4e754f530 Exception <a 'sun/nio/fs/WindowsException'{0x00000000a9f113c0}> (0x00000000a9f113c0) 
thrown [s\open\src\hotspot\share\prims\jni.cpp, line 516]
Event: 5568.041 Thread 0x000001b4e754ccb0 Exception <a 'sun/nio/fs/WindowsException'{0x00000000a9f77070}> (0x00000000a9f77070) 
thrown [s\open\src\hotspot\share\prims\jni.cpp, line 516]
Event: 5568.044 Thread 0x000001b4e754ccb0 Exception <a 'sun/nio/fs/WindowsException'{0x00000000a9fd5790}> (0x00000000a9fd5790) 
thrown [s\open\src\hotspot\share\prims\jni.cpp, line 516]
Event: 5568.048 Thread 0x000001b4e75527d0 Exception <a 'sun/nio/fs/WindowsException'{0x00000000a9e42650}> (0x00000000a9e42650) 
thrown [s\open\src\hotspot\share\prims\jni.cpp, line 516]
Event: 5568.074 Thread 0x000001b4e7553700 Exception <a 'sun/nio/fs/WindowsException'{0x00000000a9494f08}> (0x00000000a9494f08) 
thrown [s\open\src\hotspot\share\prims\jni.cpp, line 516]
Event: 5568.075 Thread 0x000001b4e7553700 Exception <a 'sun/nio/fs/WindowsException'{0x00000000a94b3c28}> (0x00000000a94b3c28) 
thrown [s\open\src\hotspot\share\prims\jni.cpp, line 516]
Event: 5568.075 Thread 0x000001b4e7553700 Exception <a 'sun/nio/fs/WindowsException'{0x00000000a94d2d70}> (0x00000000a94d2d70) 
thrown [s\open\src\hotspot\share\prims\jni.cpp, line 516]
Event: 5568.078 Thread 0x000001b4e7553700 Exception <a 'sun/nio/fs/WindowsException'{0x00000000a934aa38}> (0x00000000a934aa38) 
thrown [s\open\src\hotspot\share\prims\jni.cpp, line 516]
Event: 5568.084 Thread 0x000001b4e7553700 Exception <a 'sun/nio/fs/WindowsException'{0x00000000a921d4f0}> (0x00000000a921d4f0) 
thrown [s\open\src\hotspot\share\prims\jni.cpp, line 516]

VM Operations (20 events):
Event: 5566.404 Executing VM operation: G1CollectForAllocation done
Event: 5566.519 Executing VM operation: G1CollectForAllocation
Event: 5566.524 Executing VM operation: G1CollectForAllocation done
Event: 5566.554 Executing VM operation: G1Concurrent
Event: 5566.638 Executing VM operation: G1Concurrent done
Event: 5566.699 Executing VM operation: G1CollectForAllocation
Event: 5566.726 Executing VM operation: G1CollectForAllocation done
Event: 5566.737 Executing VM operation: G1Concurrent
Event: 5566.755 Executing VM operation: G1Concurrent done
Event: 5567.404 Executing VM operation: ICBufferFull
Event: 5567.404 Executing VM operation: ICBufferFull done
Event: 5567.709 Executing VM operation: G1CollectForAllocation
Event: 5567.720 Executing VM operation: G1CollectForAllocation done
Event: 5567.786 Executing VM operation: G1CollectForAllocation
Event: 5567.795 Executing VM operation: G1CollectForAllocation done
Event: 5567.841 Executing VM operation: HandshakeAllThreads
Event: 5567.841 Executing VM operation: HandshakeAllThreads done
Event: 5567.963 Executing VM operation: G1CollectForAllocation
Event: 5567.978 Executing VM operation: G1CollectForAllocation done
Event: 5568.105 Executing VM operation: G1CollectForAllocation

Events (20 events):
Event: 5567.848 Thread 0x000001b4b85c4f00 flushing nmethod 0x000001b4a0ccb090
Event: 5567.849 Thread 0x000001b4b85c4f00 flushing nmethod 0x000001b4a0dd4990
Event: 5567.851 Thread 0x000001b4b85c4f00 flushing nmethod 0x000001b4a1291f90
Event: 5567.851 Thread 0x000001b4b85c4f00 flushing nmethod 0x000001b4a12b3710
Event: 5567.851 Thread 0x000001b4b85c4f00 flushing nmethod 0x000001b4a1373990
Event: 5567.854 Thread 0x000001b4b85c4f00 flushing nmethod 0x000001b4a17d4b90
Event: 5567.857 Thread 0x000001b4b85c4f00 flushing nmethod 0x000001b4a1c2f290
Event: 5567.863 Thread 0x000001b4b85c4f00 flushing nmethod 0x000001b4a26c2710
Event: 5567.863 Thread 0x000001b4b85c4f00 flushing nmethod 0x000001b4a26c3290
Event: 5567.867 Thread 0x000001b4b85c4f00 flushing nmethod 0x000001b4a2da5b90
Event: 5567.867 Thread 0x000001b4b85c4f00 flushing nmethod 0x000001b4a2da8a90
Event: 5567.867 Thread 0x000001b4b85c4f00 flushing nmethod 0x000001b4a2df4610
Event: 5567.867 Thread 0x000001b4b85c4f00 flushing nmethod 0x000001b4a2df6e90
Event: 5567.867 Thread 0x000001b4b85c4f00 flushing nmethod 0x000001b4a2e16910
Event: 5567.867 Thread 0x000001b4b85c4f00 flushing nmethod 0x000001b4a2e17190
Event: 5567.867 Thread 0x000001b4b85c4f00 flushing nmethod 0x000001b4a2e17690
Event: 5567.871 Thread 0x000001b4b85c4f00 flushing nmethod 0x000001b4a33ed390
Event: 5567.871 Thread 0x000001b4b85c4f00 flushing nmethod 0x000001b4a33f9e90
Event: 5567.871 Thread 0x000001b4b85c4f00 flushing nmethod 0x000001b4a33fa710
Event: 5567.871 Thread 0x000001b4b85c4f00 flushing nmethod 0x000001b4a33fb890


Dynamic libraries:
0x00007ff6458e0000 - 0x00007ff6458f0000 	C:\Program Files\Java\jdk-17\bin\java.exe
0x00007ff8c58a0000 - 0x00007ff8c5b08000 	C:\Windows\SYSTEM32\ntdll.dll
0x00007ff8c4120000 - 0x00007ff8c41e9000 	C:\Windows\System32\KERNEL32.DLL
0x00007ff8c2f90000 - 0x00007ff8c337d000 	C:\Windows\System32\KERNELBASE.dll
0x00007ff8c2cc0000 - 0x00007ff8c2e0b000 	C:\Windows\System32\ucrtbase.dll
0x00007ff8a8b60000 - 0x00007ff8a8b79000 	C:\Program Files\Java\jdk-17\bin\jli.dll
0x00007ff8b8450000 - 0x00007ff8b846b000 	C:\Program Files\Java\jdk-17\bin\VCRUNTIME140.dll
0x00007ff8c43b0000 - 0x00007ff8c4464000 	C:\Windows\System32\ADVAPI32.dll
0x00007ff8c5520000 - 0x00007ff8c55c9000 	C:\Windows\System32\msvcrt.dll
0x00007ff8c4d20000 - 0x00007ff8c4dc6000 	C:\Windows\System32\sechost.dll
0x00007ff8c4930000 - 0x00007ff8c4a48000 	C:\Windows\System32\RPCRT4.dll
0x00007ff8c55e0000 - 0x00007ff8c57ac000 	C:\Windows\System32\USER32.dll
0x00007ff8c2be0000 - 0x00007ff8c2c07000 	C:\Windows\System32\win32u.dll
0x00007ff8a4780000 - 0x00007ff8a4a1a000 	C:\Windows\WinSxS\amd64_microsoft.windows.common-controls_6595b64144ccf1df_6.0.26100.4484_none_3e0e6d4ce32ef3b3\COMCTL32.dll
0x00007ff8c4470000 - 0x00007ff8c449b000 	C:\Windows\System32\GDI32.dll
0x00007ff8c3380000 - 0x00007ff8c34b7000 	C:\Windows\System32\gdi32full.dll
0x00007ff8c2c10000 - 0x00007ff8c2cb3000 	C:\Windows\System32\msvcp_win.dll
0x00007ff89c070000 - 0x00007ff89c07b000 	C:\Windows\SYSTEM32\VERSION.dll
0x00007ff8c3820000 - 0x00007ff8c384f000 	C:\Windows\System32\IMM32.DLL
0x00007ff8b8500000 - 0x00007ff8b850c000 	C:\Program Files\Java\jdk-17\bin\vcruntime140_1.dll
0x00007ff89ea90000 - 0x00007ff89eb1e000 	C:\Program Files\Java\jdk-17\bin\msvcp140.dll
0x00007ff84c060000 - 0x00007ff84cc40000 	C:\Program Files\Java\jdk-17\bin\server\jvm.dll
0x00007ff8c55d0000 - 0x00007ff8c55d8000 	C:\Windows\System32\PSAPI.DLL
0x00007ff8b4a00000 - 0x00007ff8b4a0a000 	C:\Windows\SYSTEM32\WSOCK32.dll
0x00007ff8b37d0000 - 0x00007ff8b3805000 	C:\Windows\SYSTEM32\WINMM.dll
0x00007ff8c3610000 - 0x00007ff8c3684000 	C:\Windows\System32\WS2_32.dll
0x00007ff8c1720000 - 0x00007ff8c173b000 	C:\Windows\SYSTEM32\kernel.appcore.dll
0x00007ff8b7b10000 - 0x00007ff8b7b1a000 	C:\Program Files\Java\jdk-17\bin\jimage.dll
0x00007ff8bfeb0000 - 0x00007ff8c00f1000 	C:\Windows\SYSTEM32\DBGHELP.DLL
0x00007ff8c3aa0000 - 0x00007ff8c3e26000 	C:\Windows\System32\combase.dll
0x00007ff8c4a50000 - 0x00007ff8c4b30000 	C:\Windows\System32\OLEAUT32.dll
0x00007ff89b560000 - 0x00007ff89b5a3000 	C:\Windows\SYSTEM32\dbgcore.DLL
0x00007ff8c29c0000 - 0x00007ff8c2a59000 	C:\Windows\System32\bcryptPrimitives.dll
0x00007ff8a5230000 - 0x00007ff8a523e000 	C:\Program Files\Java\jdk-17\bin\instrument.dll
0x00007ff8a6940000 - 0x00007ff8a6965000 	C:\Program Files\Java\jdk-17\bin\java.dll
0x00007ff89e9b0000 - 0x00007ff89ea87000 	C:\Program Files\Java\jdk-17\bin\jsvml.dll
0x00007ff8c4dd0000 - 0x00007ff8c551a000 	C:\Windows\System32\SHELL32.dll
0x00007ff8c2a60000 - 0x00007ff8c2bd4000 	C:\Windows\System32\wintypes.dll
0x00007ff8c03b0000 - 0x00007ff8c0c0b000 	C:\Windows\SYSTEM32\windows.storage.dll
0x00007ff8c42a0000 - 0x00007ff8c4395000 	C:\Windows\System32\SHCORE.dll
0x00007ff8c4230000 - 0x00007ff8c429a000 	C:\Windows\System32\shlwapi.dll
0x00007ff8c28d0000 - 0x00007ff8c28ff000 	C:\Windows\SYSTEM32\profapi.dll
0x00007ff8a4e70000 - 0x00007ff8a4e88000 	C:\Program Files\Java\jdk-17\bin\zip.dll
0x00007ff8a5120000 - 0x00007ff8a5139000 	C:\Program Files\Java\jdk-17\bin\net.dll
0x00007ff8b47f0000 - 0x00007ff8b490e000 	C:\Windows\SYSTEM32\WINHTTP.dll
0x00007ff8c1c90000 - 0x00007ff8c1cfa000 	C:\Windows\system32\mswsock.dll
0x00007ff8a4e90000 - 0x00007ff8a4ea6000 	C:\Program Files\Java\jdk-17\bin\nio.dll
0x00007ff8b4730000 - 0x00007ff8b4740000 	C:\Program Files\Java\jdk-17\bin\verify.dll
0x00007ff8a4be0000 - 0x00007ff8a4c07000 	C:\Users\020000160\.gradle\native\1def1411415f61bf3af743bc5b6707747c0891f09f0c88961ee8f79bc544acac\windows-amd64\native-platform.dll
0x00007ff8a4210000 - 0x00007ff8a4288000 	C:\Users\020000160\.gradle\native\0.2.7\x86_64-windows-gnu\gradle-fileevents.dll
0x00007ff8a8b50000 - 0x00007ff8a8b5a000 	C:\Program Files\Java\jdk-17\bin\management.dll
0x00007ff8a7110000 - 0x00007ff8a711b000 	C:\Program Files\Java\jdk-17\bin\management_ext.dll
0x00007ff8c0ee0000 - 0x00007ff8c0f13000 	C:\Windows\SYSTEM32\IPHLPAPI.DLL
0x00007ff8c4090000 - 0x00007ff8c409a000 	C:\Windows\System32\NSI.dll
0x00007ff8b5210000 - 0x00007ff8b522f000 	C:\Windows\SYSTEM32\dhcpcsvc6.DLL
0x00007ff8b50f0000 - 0x00007ff8b5115000 	C:\Windows\SYSTEM32\dhcpcsvc.DLL
0x00007ff8c0f20000 - 0x00007ff8c1046000 	C:\Windows\SYSTEM32\DNSAPI.dll
0x00007ff8c2070000 - 0x00007ff8c208b000 	C:\Windows\SYSTEM32\CRYPTSP.dll
0x00007ff8c1680000 - 0x00007ff8c16bb000 	C:\Windows\system32\rsaenh.dll
0x00007ff8c1d30000 - 0x00007ff8c1d5b000 	C:\Windows\SYSTEM32\USERENV.dll
0x00007ff8c28a0000 - 0x00007ff8c28c6000 	C:\Windows\SYSTEM32\bcrypt.dll
0x00007ff8c1ed0000 - 0x00007ff8c1edc000 	C:\Windows\SYSTEM32\CRYPTBASE.dll
0x00007ff8a51e0000 - 0x00007ff8a51ee000 	C:\Program Files\Java\jdk-17\bin\sunmscapi.dll
0x00007ff8c2e10000 - 0x00007ff8c2f87000 	C:\Windows\System32\CRYPT32.dll
0x00007ff8c21c0000 - 0x00007ff8c21f0000 	C:\Windows\SYSTEM32\ncrypt.dll
0x00007ff8c2170000 - 0x00007ff8c21af000 	C:\Windows\SYSTEM32\NTASN1.dll
0x00007ff886e80000 - 0x00007ff886e88000 	C:\Windows\system32\wshunix.dll
0x00007ff8b8220000 - 0x00007ff8b82be000 	C:\Windows\system32\apphelp.dll
0x00007ff8c1850000 - 0x00007ff8c1886000 	C:\Windows\SYSTEM32\ntmarta.dll

dbghelp: loaded successfully - version: 4.0.5 - missing functions: none
symbol engine: initialized successfully - sym options: 0x614 - pdb path: .;C:\Program Files\Java\jdk-17\bin;C:\Windows\SYSTEM32;C:\Windows\WinSxS\amd64_microsoft.windows.common-controls_6595b64144ccf1df_6.0.26100.4484_none_3e0e6d4ce32ef3b3;C:\Program Files\Java\jdk-17\bin\server;C:\Users\020000160\.gradle\native\1def1411415f61bf3af743bc5b6707747c0891f09f0c88961ee8f79bc544acac\windows-amd64;C:\Users\020000160\.gradle\native\0.2.7\x86_64-windows-gnu

VM Arguments:
jvm_args: --add-opens=java.base/java.lang=ALL-UNNAMED --add-opens=java.base/java.lang.invoke=ALL-UNNAMED --add-opens=java.base/java.util=ALL-UNNAMED --add-opens=java.prefs/java.util.prefs=ALL-UNNAMED --add-exports=jdk.compiler/com.sun.tools.javac.api=ALL-UNNAMED --add-exports=jdk.compiler/com.sun.tools.javac.util=ALL-UNNAMED --add-opens=java.base/java.util=ALL-UNNAMED --add-opens=java.prefs/java.util.prefs=ALL-UNNAMED --add-opens=java.base/java.nio.charset=ALL-UNNAMED --add-opens=java.base/java.net=ALL-UNNAMED --add-opens=java.base/java.util.concurrent.atomic=ALL-UNNAMED --add-opens=java.xml/javax.xml.namespace=ALL-UNNAMED -XX:MaxMetaspaceSize=512m -Xmx2048m -Dfile.encoding=windows-1252 -Duser.country=US -Duser.language=en -Duser.variant -javaagent:C:\Users\020000160\.gradle\wrapper\dists\gradle-8.14.1-bin\baw1sv0jfoi8rxs14qo3h49cs\gradle-8.14.1\lib\agents\gradle-instrumentation-agent-8.14.1.jar 
java_command: org.gradle.launcher.daemon.bootstrap.GradleDaemon 8.14.1
java_class_path (initial): C:\Users\020000160\.gradle\wrapper\dists\gradle-8.14.1-bin\baw1sv0jfoi8rxs14qo3h49cs\gradle-8.14.1\lib\gradle-daemon-main-8.14.1.jar
Launcher Type: SUN_STANDARD

[Global flags]
     intx CICompilerCount                          = 4                                         {product} {ergonomic}
   size_t CompressedClassSpaceSize                 = 436207616                                 {product} {ergonomic}
     uint ConcGCThreads                            = 3                                         {product} {ergonomic}
     uint G1ConcRefinementThreads                  = 11                                        {product} {ergonomic}
   size_t G1HeapRegionSize                         = 1048576                                   {product} {ergonomic}
    uintx GCDrainStackTargetSize                   = 64                                        {product} {ergonomic}
   size_t InitialHeapSize                          = 528482304                                 {product} {ergonomic}
   size_t MarkStackSize                            = 4194304                                   {product} {ergonomic}
   size_t MaxHeapSize                              = 2147483648                                {product} {command line}
   size_t MaxMetaspaceSize                         = 536870912                                 {product} {command line}
   size_t MaxNewSize                               = 1287651328                                {product} {ergonomic}
   size_t MinHeapDeltaBytes                        = 1048576                                   {product} {ergonomic}
   size_t MinHeapSize                              = 8388608                                   {product} {ergonomic}
    uintx NonNMethodCodeHeapSize                   = 5839372                                {pd product} {ergonomic}
    uintx NonProfiledCodeHeapSize                  = 122909434                              {pd product} {ergonomic}
    uintx ProfiledCodeHeapSize                     = 122909434                              {pd product} {ergonomic}
    uintx ReservedCodeCacheSize                    = 251658240                              {pd product} {ergonomic}
     bool SegmentedCodeCache                       = true                                      {product} {ergonomic}
   size_t SoftMaxHeapSize                          = 2147483648                             {manageable} {ergonomic}
     bool UseCompressedClassPointers               = true                           {product lp64_product} {ergonomic}
     bool UseCompressedOops                        = true                           {product lp64_product} {ergonomic}
     bool UseG1GC                                  = true                                      {product} {ergonomic}
     bool UseLargePagesIndividualAllocation        = false                                  {pd product} {ergonomic}

Logging:
Log output configuration:
 #0: stdout all=warning uptime,level,tags
 #1: stderr all=off uptime,level,tags

Environment Variables:
JAVA_HOME=C:\Program Files\Java\jdk-17
PATH=D:\Work\Mobile\android-wms-native\node_modules\.bin;D:\Work\Mobile\android-wms-native\node_modules\.bin;D:\Work\Mobile\node_modules\.bin;D:\Work\node_modules\.bin;D:\node_modules\.bin;C:\Users\020000160\AppData\Local\nvm\v22.14.0\node_modules\npm\node_modules\@npmcli\run-script\lib\node-gyp-bin;C:\Program Files (x86)\Common Files\Oracle\Java\java8path;C:\Program Files (x86)\Common Files\Oracle\Java\javapath;C:\Windows\system32;C:\Windows;C:\Windows\System32\Wbem;C:\Windows\System32\WindowsPowerShell\v1.0\;C:\Windows\System32\OpenSSH\;C:\Program Files\dotnet\;C:\Program Files\Git\cmd;C:\Users\020000160\AppData\Local\nvm;C:\nvm4w\nodejs;C:\adb;C:\Users\020000160\AppData\Local\Android\Sdk\platform-tools;C:\Users\020000160\AppData\Local\Android\Sdk\tools;C:\Program Files\Java\jdk-17\bin;C:\Program Files\Java\jdk-17\bin;C:\Users\020000160\AppData\Local\Android\Sdk\cmdline-tools\latest\bin;C:\Users\020000160\flutter\bin;C:\adb;C:\Users\020000160\AppData\Roaming\npm;C:\Users\020000160\AppData\Local\Programs\Microsoft VS Code\bin;C:\Users\020000160\AppData\Local\nvm;C:\nvm4w\nodejs;;D:\Work\Mobile\android-wms-native\node_modules\.bin
USERNAME=020000160
OS=Windows_NT
PROCESSOR_IDENTIFIER=Intel64 Family 6 Model 170 Stepping 4, GenuineIntel



---------------  S Y S T E M  ---------------

OS:
 Windows 11 , 64 bit Build 26100 (10.0.26100.4484)
OS uptime: 2 days 18:18 hours
Hyper-V role detected

CPU: total 14 (initial active 14) (7 cores per cpu, 2 threads per core) family 6 model 170 stepping 4 microcode 0x1c, cx8, cmov, fxsr, ht, mmx, 3dnowpref, sse, sse2, sse3, ssse3, sse4.1, sse4.2, popcnt, lzcnt, tsc, tscinvbit, avx, avx2, aes, erms, clmul, bmi1, bmi2, adx, sha, fma, vzeroupper, clflush, clflushopt, clwb, hv

Memory: 4k page, system-wide physical 32233M (2639M free)
TotalPageFile size 130537M (AvailPageFile size 131M)
current process WorkingSet (physical memory assigned to process): 923M, peak: 926M
current process commit charge ("private bytes"): 1176M, peak: 1641M

vm_info: Java HotSpot(TM) 64-Bit Server VM (17.0.12+8-LTS-286) for windows-amd64 JRE (17.0.12+8-LTS-286), built on Jun  5 2024 06:46:59 by "mach5one" with MS VC++ 17.6 (VS2022)

END.
